regional_timestamp,realized_volatility,implied_volatility,difference_lagged,difference
2017-01-03,0.6866354593000962,0.173519,,-0.5131164593000962
2017-01-04,0.6746665843214706,0.16464099999999998,,-0.5100255843214707
2017-01-05,0.6771863474748654,0.159801,,-0.5173853474748654
2017-01-06,0.6778162882632142,0.153421,,-0.5243952882632141
2017-01-09,0.6400198409622914,0.155143,,-0.48487684096229133
2017-01-10,0.6393899001739427,0.153547,,-0.4858429001739427
2017-01-11,0.6406497817506401,0.157011,,-0.4836387817506401
2017-01-12,0.638759959385594,0.16293500000000002,,-0.475824959385594
2017-01-13,0.638759959385594,0.148618,,-0.490141959385594
2017-01-16,0.6545084790943119,0.15465500000000001,,-0.4998534790943119
2017-01-17,0.6104126239099019,0.156671,,-0.4537416239099019
2017-01-18,0.5700964134555844,0.148506,,-0.42159041345558435
2017-01-19,0.5197011503876874,0.148475,,-0.37122615038768736
2017-01-20,0.5184412688109901,0.14596299999999998,,-0.3724782688109901
2017-01-23,0.5461586634983333,0.171108,,-0.37505066349833327
2017-01-24,0.5045825714673183,0.16308299999999998,,-0.34149957146731835
2017-01-25,0.5354496700964052,0.15695800000000001,,-0.37849167009640516
2017-01-26,0.49702328200713375,0.156052,,-0.3409712820071338
2017-01-27,0.5058424530440158,0.15847,,-0.34737245304401576
2017-01-30,0.5606473016303537,0.174653,,-0.3859943016303537
2017-01-31,0.5757658805507229,0.173682,,-0.40208388055072286
2017-02-01,0.5997036305079738,0.16642700000000002,-0.42618463050797384,-0.4332766305079738
2017-02-02,0.6003335712963225,0.161939,-0.4356925712963225,-0.4383945712963225
2017-02-03,0.6110425646982506,0.151332,-0.4512415646982506,-0.45971056469825056
2017-02-06,0.6425396041156862,0.164328,-0.4891186041156862,-0.4782116041156862
2017-02-07,0.6425396041156862,0.169147,-0.4873966041156862,-0.47339260411568623
2017-02-08,0.6419096633273376,0.16831,-0.4883626633273376,-0.4735996633273376
2017-02-09,0.6752965251098193,0.152973,-0.5182855251098193,-0.5223235251098193
2017-02-10,0.6671072948612861,0.151125,-0.504172294861286,-0.515982294861286
2017-02-13,0.6967145119136755,0.148043,-0.5480965119136755,-0.5486715119136755
2017-02-14,0.6967145119136755,0.14646900000000002,-0.5420595119136755,-0.5502455119136755
2017-02-15,0.7023839790088139,0.146829,-0.5457129790088139,-0.5555549790088139
2017-02-16,0.7055336829505574,0.153999,-0.5570276829505574,-0.5515346829505574
2017-02-17,0.7023839790088139,0.148315,-0.5539089790088139,-0.5540689790088139
2017-02-20,0.7023839790088139,0.14890599999999998,-0.5564209790088139,-0.5534779790088139
2017-02-21,0.7181324987175317,0.145706,-0.5470244987175317,-0.5724264987175317
2017-02-22,0.7061636237389062,0.148577,-0.5430806237389062,-0.5575866237389062
2017-02-23,0.6746665843214706,0.154578,-0.5177085843214706,-0.5200885843214706
2017-02-24,0.6746665843214706,0.158552,-0.5186145843214707,-0.5161145843214706
2017-02-27,0.6721468211680757,0.160402,-0.5136768211680757,-0.5117448211680757
2017-02-28,0.6727767619564244,0.162849,-0.49812376195642444,-0.5099277619564244
2017-03-01,0.7779768736106594,0.153905,-0.6042948736106594,-0.6240718736106594
2017-03-02,0.778606814399008,0.152754,-0.612179814399008,-0.6258528143990081
2017-03-03,0.7634882354786389,0.15270799999999998,-0.6015492354786389,-0.6107802354786389
2017-03-06,0.7710475249388236,0.157683,-0.6197155249388235,-0.6133645249388235
2017-03-07,0.7326211368495521,0.153718,-0.5682931368495521,-0.5789031368495521
2017-03-08,0.7307313144845059,0.149751,-0.5615843144845059,-0.5809803144845059
2017-03-09,0.7288414921194598,0.152123,-0.5605314921194599,-0.5767184921194598
2017-03-10,0.6797061106282603,0.153441,-0.5267331106282602,-0.5262651106282603
2017-03-13,0.643169544904035,0.155803,-0.492044544904035,-0.48736654490403497
2017-03-14,0.6412797225389888,0.159737,-0.49323672253898876,-0.4815427225389888
2017-03-15,0.638759959385594,0.155983,-0.49229095938559403,-0.48277695938559406
2017-03-16,0.6488390119991734,0.115181,-0.5020100119991734,-0.5336580119991734
2017-03-17,0.60159345287302,0.111647,-0.44759445287302,-0.48994645287302
2017-03-20,0.6072629199681584,0.130797,-0.4589479199681584,-0.4764659199681584
2017-03-21,0.6129323870632968,0.137745,-0.4640263870632968,-0.4751873870632968
2017-03-22,0.5845850515876048,0.145148,-0.43887905158760476,-0.43943705158760477
2017-03-23,0.5978138081429277,0.150982,-0.44923680814292777,-0.4468318081429277
2017-03-24,0.5782856437041176,0.151975,-0.4237076437041176,-0.42631064370411764
2017-03-27,0.5820652884342099,0.163493,-0.4235132884342099,-0.4185722884342099
2017-03-28,0.592774281836138,0.158635,-0.432372281836138,-0.43413928183613804
2017-03-29,0.5845850515876048,0.159304,-0.42173605158760474,-0.42528105158760476
2017-03-30,0.5826952292225586,0.161041,-0.4287902292225586,-0.4216542292225586
2017-03-31,0.5871048147409996,0.16522099999999998,-0.4343508147409996,-0.4218838147409997
2017-04-03,0.6028533344497174,0.179597,-0.4501453344497175,-0.42325633444971744
2017-04-04,0.6028533344497174,0.18005,-0.44517033444971743,-0.42280333444971746
2017-04-05,0.6047431568147635,0.18520499999999998,-0.4510251568147635,-0.4195381568147636
2017-04-06,0.5726161766089792,0.188703,-0.42286517660897927,-0.3839131766089792
2017-04-07,0.5726161766089792,0.195373,-0.4204931766089792,-0.3772431766089792
2017-04-10,0.583955110799256,0.220934,-0.430514110799256,-0.36302111079925603
2017-04-11,0.4504076636693291,0.229518,-0.29460466366932914,-0.2208896636693291
2017-04-12,0.44851784130428296,0.227155,-0.28878084130428294,-0.22136284130428296
2017-04-13,0.4560771307644675,0.233883,-0.30009413076446745,-0.22219413076446748
2017-04-18,0.49828316358383123,0.255942,-0.3831021635838312,-0.24234116358383123
2017-04-19,0.5014328675255748,0.24202100000000001,-0.3897858675255748,-0.25941186752557477
2017-04-20,0.5102520385624567,0.248992,-0.3794550385624567,-0.2612600385624567
2017-04-21,0.4989131043721799,0.250928,-0.3611681043721799,-0.2479851043721799
2017-04-24,0.8856967484182892,0.16246300000000002,-0.7405487484182891,-0.7232337484182891
2017-04-25,0.8850668076299404,0.154196,-0.7340848076299404,-0.7308708076299404
2017-04-26,0.8781374589581045,0.15584,-0.7261624589581045,-0.7222974589581045
2017-04-27,0.8856967484182892,0.16107,-0.7222037484182892,-0.7246267484182891
2017-04-28,0.8743578142280123,0.17049499999999998,-0.7157228142280123,-0.7038628142280123
2017-05-01,0.8743578142280123,,-0.7150538142280123,
2017-05-02,0.8737278734396635,0.172673,-0.7126868734396635,-0.7010548734396636
2017-05-03,0.87057816949792,0.173982,-0.70535716949792,-0.69659616949792
2017-05-04,0.8869566299949865,0.16484300000000002,-0.7073596299949865,-0.7221136299949864
2017-05-05,0.8850668076299404,0.170143,-0.7050168076299403,-0.7149238076299405
2017-05-08,0.8901063339367301,0.14393,-0.7049013339367302,-0.7461763339367301
2017-05-09,0.8863266892066378,0.140868,-0.6976236892066379,-0.7454586892066378
2017-05-10,0.8800272813231508,0.140655,-0.6846542813231508,-0.7393722813231508
2017-05-11,0.8919961563017762,0.143491,-0.6710621563017762,-0.7485051563017762
2017-05-12,0.8932560378784736,0.138689,-0.6637380378784736,-0.7545670378784737
2017-05-15,0.8901063339367301,0.142041,-0.6629513339367301,-0.7480653339367301
2017-05-16,0.8712081102862688,0.135401,-0.6373251102862687,-0.7358071102862688
2017-05-17,0.9310524851793963,0.161438,-0.6751104851793963,-0.7696144851793963
2017-05-18,0.9386117746395809,0.170825,-0.6965907746395809,-0.7677867746395809
2017-05-19,0.943021360158022,0.154679,-0.694029360158022,-0.788342360158022
2017-05-22,0.9455411233114167,0.148259,-0.6946131233114168,-0.7972821233114167
2017-05-23,0.943021360158022,0.138428,-0.7805583601580219,-0.804593360158022
2017-05-24,0.9423914193696732,0.138757,-0.7881954193696732,-0.8036344193696732
2017-05-25,0.9423914193696732,0.139599,-0.7865514193696732,-0.8027924193696732
2017-05-26,0.93420218912114,0.138547,-0.77313218912114,-0.79565518912114
2017-05-29,0.9020752089153556,0.14178100000000002,-0.7315802089153557,-0.7602942089153556
2017-05-30,0.9102644391638888,0.144715,,-0.7655494391638887
2017-05-31,0.9083746167988427,0.145538,-0.7357016167988427,-0.7628366167988427
2017-06-01,0.9090045575871915,0.136227,-0.7350225575871915,-0.7727775575871915
2017-06-02,0.5461586634983333,0.133345,-0.3813156634983333,-0.4128136634983333
2017-06-05,0.5493083674400769,0.139431,-0.37916536744007695,-0.40987736744007697
2017-06-06,0.5650568871487948,0.14386200000000002,-0.42112688714879476,-0.4211948871487947
2017-06-07,0.560017360842005,0.146073,-0.41914936084200505,-0.41394436084200503
2017-06-08,0.5656868279371434,0.140799,-0.42503182793714345,-0.4248878279371434
2017-06-09,0.577655702915769,0.133926,-0.4341647029157689,-0.44372970291576896
2017-06-12,0.6116725054865995,0.14510199999999998,-0.47298350548659945,-0.4665705054865995
2017-06-13,0.6154521502166916,0.135587,-0.47341115021669167,-0.4798651502166916
2017-06-14,0.5719862358206305,0.139464,-0.43658523582063047,-0.43252223582063043
2017-06-15,0.5505682490167744,0.149445,-0.3891302490167744,-0.4011232490167744
2017-06-16,0.560017360842005,0.13744199999999998,-0.38919236084200504,-0.4225753608420051
2017-06-19,0.5952940449895328,0.130325,-0.44061504498953274,-0.46496904498953273
2017-06-20,0.60159345287302,0.140291,-0.45333445287302,-0.46130245287302
2017-06-21,0.592774281836138,0.141788,-0.454346281836138,-0.450986281836138
2017-06-22,0.5871048147409996,0.140328,-0.4483478147409996,-0.4467768147409996
2017-06-23,0.5877347555293483,0.14221399999999998,-0.44813575552934826,-0.44552075552934833
2017-06-26,0.5984437489312764,0.136567,-0.4598967489312764,-0.4618767489312764
2017-06-27,0.5348197293080565,0.147743,-0.3930387293080565,-0.38707672930805653
2017-06-28,0.522850854329431,0.148525,-0.378135854329431,-0.374325854329431
2017-06-29,0.6053730976031122,0.17603200000000002,-0.4598350976031122,-0.4293410976031122
2017-06-30,0.6204916765234814,0.172533,-0.4842646765234814,-0.44795867652348137
2017-07-03,0.6784462290515628,0.144888,-0.5451012290515629,-0.5335582290515628
2017-07-04,0.6797061106282603,0.143929,-0.5402751106282603,-0.5357771106282603
2017-07-05,0.6797061106282603,0.147011,-0.5358441106282602,-0.5326951106282602
2017-07-06,0.6828558145700038,0.154722,-0.5367828145700038,-0.5281338145700037
2017-07-07,0.6834857553583525,0.151824,-0.5426867553583525,-0.5316617553583526
2017-07-10,0.6860055185117474,0.14783,-0.5520795185117474,-0.5381755185117474
2017-07-11,0.6885252816651423,0.147732,-0.5434232816651423,-0.5407932816651423
2017-07-12,0.7433301302514802,0.137485,-0.6077431302514802,-0.6058451302514802
2017-07-13,0.7338810184262495,0.131228,-0.5944170184262495,-0.6026530184262495
2017-07-14,0.7319911960612033,0.126504,-0.5825461960612033,-0.6054871960612034
2017-07-17,0.721912143447624,0.126334,-0.584470143447624,-0.5955781434476239
2017-07-18,0.7477397157699212,0.13684100000000002,-0.6174147157699211,-0.6108987157699212
2017-07-19,0.7534091828650596,0.132685,-0.6131181828650596,-0.6207241828650596
2017-07-20,0.741440307886434,0.130879,-0.599652307886434,-0.610561307886434
2017-07-21,0.7527792420767108,0.153262,-0.6124512420767108,-0.5995172420767108
2017-07-24,0.7477397157699212,0.15082700000000002,-0.6055257157699212,-0.5969127157699211
2017-07-25,0.7578187683835005,0.136357,-0.6212517683835005,-0.6214617683835004
2017-07-26,0.7578187683835005,0.129971,-0.6100757683835005,-0.6278477683835004
2017-07-27,0.750259478923316,0.127697,-0.601734478923316,-0.622562478923316
2017-07-28,0.7313612552728546,0.137331,-0.5553292552728546,-0.5940302552728546
2017-07-31,0.7313612552728546,0.139033,-0.5588282552728545,-0.5923282552728546
2017-08-01,0.7515193605000134,0.134724,-0.6066313605000134,-0.6167953605000134
2017-08-02,0.7559289460184544,0.137531,-0.6119999460184544,-0.6183979460184544
2017-08-03,0.7565588868068032,0.137302,-0.6095478868068032,-0.6192568868068031
2017-08-04,0.785536163070844,0.130654,-0.6308141630708439,-0.6548821630708439
2017-08-07,0.7760870512456132,0.131992,-0.6242630512456132,-0.6440950512456132
2017-08-08,0.778606814399008,0.127883,-0.630776814399008,-0.6507238143990081
2017-08-09,0.741440307886434,0.150152,-0.593708307886434,-0.5912883078864339
2017-08-10,0.7483696565582699,0.189131,-0.61088465655827,-0.5592386565582699
2017-08-11,0.706793564527255,0.193101,-0.5755655645272549,-0.513692564527255
2017-08-14,0.750259478923316,0.156664,-0.623755478923316,-0.593595478923316
2017-08-15,0.7534091828650596,0.14880100000000002,-0.6270751828650596,-0.6046081828650596
2017-08-16,0.7584487091718493,0.142468,-0.6216077091718493,-0.6159807091718492
2017-08-17,0.7685277617854286,0.153859,-0.6358427617854285,-0.6146687617854286
2017-08-18,0.7691577025737775,0.175746,-0.6382787025737775,-0.5934117025737775
2017-08-21,0.7754571104572645,0.185553,-0.6221951104572645,-0.5899041104572645
2017-08-22,0.743960071039829,0.16412,-0.5931330710398289,-0.579840071039829
2017-08-23,0.7433301302514802,0.162275,-0.6069731302514803,-0.5810551302514801
2017-08-24,0.7452199526165263,0.156665,-0.6152489526165263,-0.5885549526165264
2017-08-25,0.7445900118281776,0.153262,-0.6168930118281777,-0.5913280118281776
2017-08-28,0.7238019658126701,0.15850799999999998,-0.5864709658126701,-0.5652939658126701
2017-08-29,0.7307313144845059,0.17316900000000002,-0.5916983144845059,-0.5575623144845059
2017-08-30,0.7382906039446905,0.16468,-0.6035666039446905,-0.5736106039446904
2017-08-31,0.7030139197971627,0.156317,-0.5654829197971627,-0.5466969197971626
2017-09-01,0.7149827947757881,0.147167,-0.577680794775788,-0.567815794775788
2017-09-04,0.708683386892301,0.162117,-0.578029386892301,-0.546566386892301
2017-09-05,0.7017540382204652,0.164848,-0.5697620382204652,-0.5369060382204652
2017-09-06,0.7061636237389062,0.163786,-0.5782806237389062,-0.5423776237389062
2017-09-07,0.6992342750670704,0.151482,-0.5490822750670703,-0.5477522750670704
2017-09-08,0.6916749856068858,0.15199,-0.5025439856068858,-0.5396849856068858
2017-09-11,0.7231720250243214,0.1396,-0.5300710250243215,-0.5835720250243215
2017-09-12,0.7206522618709266,0.134464,-0.5639882618709265,-0.5861882618709265
2017-09-13,0.721912143447624,0.13042299999999998,-0.5731111434476239,-0.591489143447624
2017-09-14,0.6878953408767935,0.12273899999999999,-0.5454273408767935,-0.5651563408767935
2017-09-15,0.6904151040301885,0.12197200000000001,-0.5365561040301885,-0.5684431040301885
2017-09-18,0.6910450448185371,0.11943,-0.515299044818537,-0.5716150448185371
2017-09-19,0.6381300185972453,0.117216,-0.4525770185972453,-0.5209140185972453
2017-09-20,0.6047431568147635,0.117949,-0.44062315681476355,-0.48679415681476357
2017-09-21,0.5814353476458612,0.111906,-0.41916034764586124,-0.46952934764586124
2017-09-22,0.5360796108847539,0.11708,-0.37941461088475387,-0.41899961088475385
2017-09-25,0.5348197293080565,0.12366300000000001,-0.38155772930805654,-0.4111567293080565
2017-09-26,0.522850854329431,0.125406,-0.36434285432943103,-0.397444854329431
2017-09-27,0.5121418609275029,0.121282,-0.3389728609275029,-0.3908598609275029
2017-09-28,0.5014328675255748,0.12125899999999999,-0.3367528675255748,-0.3801738675255748
2017-09-29,0.4976532227954825,0.121208,-0.3413362227954825,-0.37644522279548254
2017-10-02,0.4749753544149289,0.121739,-0.3278083544149289,-0.3532363544149289
2017-10-03,0.45859689391786235,0.118365,-0.29647989391786234,-0.34023189391786235
2017-10-04,0.4667861241663956,0.127752,-0.3019381241663956,-0.33903412416639556
2017-10-05,0.4674160649547443,0.12086999999999999,-0.3036300649547443,-0.3465460649547443
2017-10-06,0.4567070715528162,0.125055,-0.3052250715528162,-0.3316520715528162
2017-10-09,0.3987525190247347,0.12610200000000002,-0.2467625190247347,-0.2726505190247347
2017-10-10,0.40883157163831413,0.13394399999999998,-0.2692315716383141,-0.2748875716383141
2017-10-11,0.4037920453315244,0.126695,-0.26932804533152443,-0.2770970453315244
2017-10-12,0.3949728742946424,0.123247,-0.2645498742946424,-0.2717258742946424
2017-10-13,0.38174411773931943,0.11845800000000001,-0.25900511773931945,-0.2632861177393194
2017-10-16,0.37292494670243753,0.119037,-0.2509529467024375,-0.25388794670243753
2017-10-17,0.3716650651257401,0.11629899999999999,-0.2522350651257401,-0.2553660651257401
2017-10-18,0.37040518354904267,0.11051399999999999,-0.2531891835490427,-0.25989118354904267
2017-10-19,0.389303407199504,0.124435,-0.271354407199504,-0.264868407199504
2017-10-20,0.30804104550252015,0.122167,-0.19613504550252014,-0.18587404550252015
2017-10-23,0.29859193367728953,0.12590400000000002,-0.18151193367728952,-0.17268793367728952
2017-10-24,0.2960721705238947,0.12942399999999998,-0.17240917052389465,-0.1666481705238947
2017-10-25,0.31812009811609954,0.145349,-0.19271409811609955,-0.17277109811609953
2017-10-26,0.3823740585276682,0.129159,-0.2610920585276682,-0.25321505852766824
2017-10-27,0.38489382168106306,0.124951,-0.26363482168106306,-0.2599428216810631
2017-10-30,0.3855237624694118,0.128308,-0.2643157624694118,-0.2572157624694118
2017-10-31,0.3830039993160169,0.119864,-0.26126499931601693,-0.26313999931601695
2017-11-01,0.3918231703528989,0.117924,-0.2734581703528989,-0.2738991703528989
2017-11-02,0.398122578236386,0.120219,-0.270370578236386,-0.277903578236386
2017-11-03,0.39560281508299117,0.11563499999999999,-0.2747328150829912,-0.2799678150829912
2017-11-06,0.4000124006014321,0.11693400000000001,-0.27495740060143214,-0.2830784006014321
2017-11-07,0.41828068346354474,0.12133699999999999,-0.2921786834635447,-0.29694368346354477
2017-11-08,0.4189106242518935,0.124069,-0.28496662425189356,-0.29484162425189353
2017-11-09,0.4535573676110727,0.139158,-0.3268623676110727,-0.3143993676110727
2017-11-10,0.4630064794363033,0.14453,-0.3397594794363033,-0.3184764794363033
2017-11-13,0.4730855320498827,0.143816,-0.3546275320498827,-0.3292695320498827
2017-11-14,0.4793849399333699,0.152348,-0.3603479399333699,-0.3270369399333699
2017-11-15,0.46930588731979045,0.155778,-0.35300688731979046,-0.3135278873197904
2017-11-16,0.48001488072171855,0.150291,-0.36950088072171855,-0.32972388072171854
2017-11-17,0.48505440702850827,0.147428,-0.36061940702850825,-0.33762640702850827
2017-11-20,0.4894639925469492,0.13703900000000002,-0.36729699254694925,-0.3524249925469492
2017-11-21,0.4976532227954825,0.129355,-0.3717492227954825,-0.3682982227954825
2017-11-22,0.5045825714673183,0.128717,-0.37515857146731835,-0.37586557146731836
2017-11-23,0.507732275409062,0.127296,-0.36238327540906196,-0.380436275409062
2017-11-24,0.5102520385624567,0.128582,-0.3810930385624567,-0.38167003856245674
2017-11-27,0.5178113280226413,0.135459,-0.39286032802264126,-0.3823523280226413
2017-11-28,0.5247406766944771,0.128773,-0.3964326766944771,-0.3959676766944771
2017-11-29,0.5184412688109901,0.135436,-0.3985772688109901,-0.38300526881099006
2017-11-30,0.5285203214245694,0.134708,-0.41059632142456937,-0.3938123214245694
2017-12-01,0.5707263542439331,0.160124,-0.4505073542439331,-0.41060235424393315
2017-12-04,0.6330904922904557,0.137242,-0.5174554922904557,-0.4958484922904557
2017-12-05,0.625531202830271,0.131587,-0.508597202830271,-0.49394420283027096
2017-12-06,0.5745059989740253,0.139107,-0.45316899897402535,-0.43539899897402534
2017-12-07,0.5719862358206305,0.134513,-0.4479172358206305,-0.43747323582063047
2017-12-08,0.5789155844924663,0.128484,-0.43975758449246627,-0.4504315844924663
2017-12-11,0.5745059989740253,0.12923600000000002,-0.42997599897402533,-0.4452699989740253
2017-12-12,0.5694664726672356,0.124734,-0.4256504726672356,-0.4447324726672356
2017-12-13,0.5745059989740253,0.127344,-0.4221579989740253,-0.4471619989740253
2017-12-14,0.5852149923759534,0.12263500000000001,-0.42943699237595345,-0.46257999237595343
2017-12-15,0.586474873952651,0.11792,-0.43618387395265096,-0.46855487395265094
2017-12-18,0.6400198409622914,0.106783,-0.49259184096229136,-0.5332368409622914
2017-12-19,0.6538785383059631,0.11196999999999999,-0.5168395383059631,-0.5419085383059631
2017-12-20,0.6356102554438504,0.125108,-0.5062552554438504,-0.5105022554438504
2017-12-21,0.6375000778088965,0.117371,-0.5087830778088965,-0.5201290778088965
2017-12-22,0.6362401962321991,0.120057,-0.5089441962321991,-0.5161831962321991
2017-12-27,0.6293108475603633,0.127143,-0.5007288475603633,-0.5021678475603633
2017-12-28,0.6419096633273376,0.136229,-0.5064506633273376,-0.5056806633273376
2017-12-29,0.6406497817506401,0.135114,-0.5118767817506401,-0.5055357817506401
2018-01-02,0.638759959385594,0.133676,-0.503323959385594,-0.505083959385594
2018-01-03,0.6437994856923838,0.12136699999999999,-0.5090914856923838,-0.5224324856923838
2018-01-04,0.7143528539874394,0.11410500000000001,-0.5542288539874394,-0.6002478539874394
2018-01-05,0.737030722367993,0.111245,-0.5997887223679931,-0.625785722367993
2018-01-08,0.737030722367993,0.114954,-0.605443722367993,-0.622076722367993
2018-01-09,0.7357708407912956,0.11262,-0.5966638407912956,-0.6231508407912956
2018-01-10,0.7332510776379009,0.11759,-0.5987380776379009,-0.6156610776379009
2018-01-11,0.7313612552728546,0.113595,-0.6028772552728545,-0.6177662552728546
2018-01-12,0.7357708407912956,0.109024,-0.6065348407912956,-0.6267468407912956
2018-01-15,0.7275816105427624,0.11072699999999999,-0.6028476105427624,-0.6168546105427624
2018-01-16,0.6872654000884448,0.11346600000000001,-0.5599214000884448,-0.5737994000884448
2018-01-17,0.6425396041156862,0.119473,-0.5199046041156862,-0.5230666041156862
2018-01-18,0.6425396041156862,0.119883,-0.5246196041156862,-0.5226566041156863
2018-01-19,0.6538785383059631,0.11853300000000001,-0.5470955383059631,-0.5353455383059631
2018-01-22,0.6557683606710092,0.119678,-0.5437983606710092,-0.5360903606710092
2018-01-23,0.6507288343642195,0.11950799999999999,-0.5256208343642195,-0.5312208343642195
2018-01-24,0.6689971172263321,0.123924,-0.5516261172263321,-0.5450731172263321
2018-01-25,0.6677372356496347,0.12691,-0.5476802356496348,-0.5408272356496348
2018-01-26,0.6639575909195424,0.124779,-0.5368145909195424,-0.5391785909195425
2018-01-29,0.647579130422476,0.132927,-0.5113501304224759,-0.5146521304224759
2018-01-30,0.6784462290515628,0.14811,-0.5433322290515628,-0.5303362290515629
2018-01-31,0.6280509659836659,0.151644,-0.4943749659836659,-0.47640696598366594
2018-02-01,0.634350373867153,0.16139399999999998,-0.512983373867153,-0.472956373867153
2018-02-02,0.6797061106282603,0.175594,-0.5656011106282602,-0.5041121106282602
2018-02-05,0.7099432684689985,0.18855,-0.5986982684689984,-0.5213932684689985
2018-02-06,0.8346715445620434,0.301771,-0.7197175445620434,-0.5329005445620434
2018-02-07,0.9083746167988427,0.213656,-0.7957546167988427,-0.6947186167988426
2018-02-08,0.9902669192841753,0.32040199999999996,-0.8726769192841753,-0.6698649192841754
2018-02-09,1.0211340179132622,0.34737,-0.9075390179132622,-0.6737640179132622
2018-02-12,1.0557807612724415,0.281626,-0.9467567612724415,-0.7741547612724415
2018-02-13,1.0545208796957437,0.259501,-0.9437938796957437,-0.7950198796957437
2018-02-14,1.0129447876647288,0.20705300000000001,-0.8994787876647288,-0.8058917876647288
2018-02-15,0.9940465640142675,0.20515799999999998,-0.8745735640142676,-0.7888885640142675
2018-02-16,1.0211340179132622,0.177606,-0.9012510179132622,-0.8435280179132622
2018-02-19,1.0205040771249134,0.19128299999999998,-0.9019710771249134,-0.8292210771249134
2018-02-20,1.0375124784103287,0.186401,-0.9178344784103287,-0.8511114784103286
2018-02-21,1.0368825376219801,0.18648900000000002,-0.9173745376219802,-0.8503935376219801
2018-02-22,1.0299531889501443,0.186903,-0.9060291889501443,-0.8430501889501443
2018-02-23,1.0331028928918877,0.181752,-0.9061928928918878,-0.8513508928918877
2018-02-26,1.0406621823520723,0.167709,-0.9158831823520723,-0.8729531823520723
2018-02-27,1.0406621823520723,0.175944,-0.9077351823520723,-0.8647181823520723
2018-02-28,1.0406621823520723,0.180002,-0.8925521823520723,-0.8606601823520723
2018-03-01,1.0394023007753748,0.205673,-0.8877583007753748,-0.8337293007753748
2018-03-02,1.094207149361713,0.23385999999999998,-0.9328131493617129,-0.860347149361713
2018-03-05,1.1149951953772201,0.18892199999999998,-0.9394011953772201,-0.9260731953772201
2018-03-06,1.1131053730121743,0.186852,-0.9245553730121743,-0.9262533730121743
2018-03-07,1.1250742479907996,0.18154599999999999,-0.8233032479907996,-0.9435282479907996
2018-03-08,1.143972471641261,0.16606500000000002,-0.9303164716412609,-0.9779074716412609
2018-03-09,1.1471221755830046,0.154054,-0.8267201755830046,-0.9930681755830045
2018-03-12,1.13956288612282,0.154002,-0.79219288612282,-0.98556088612282
2018-03-13,1.1477521163713533,0.16619499999999998,-0.8661261163713534,-0.9815571163713533
2018-03-14,1.1401928269111687,0.16910599999999998,-0.8806918269111688,-0.9710868269111688
2018-03-15,1.12003472168401,0.152246,-0.91298172168401,-0.9677887216840101
2018-03-16,1.1061760243403382,0.13388999999999998,-0.9010180243403383,-0.9722860243403383
2018-03-19,1.0312130705268416,0.164988,-0.8536070705268416,-0.8662250705268416
2018-03-20,0.9795579258822472,0.153836,-0.7882749258822472,-0.8257219258822472
2018-03-21,0.8806572221114994,0.148531,-0.6942562221114994,-0.7321262221114995
2018-03-22,0.8831769852648942,0.18550999999999998,-0.6966879852648942,-0.6976669852648942
2018-03-23,0.8945159194551711,0.210758,-0.707612919455171,-0.6837579194551711
2018-03-26,0.8882165115716839,0.22054300000000002,-0.7064645115716839,-0.6676735115716839
2018-03-27,0.9014452681270069,0.18976099999999999,-0.7337362681270069,-0.7116842681270069
2018-03-28,0.8982955641852634,0.196857,-0.7223515641852634,-0.7014385641852634
2018-03-29,0.8901063339367301,0.174364,-0.7101043339367301,-0.7157423339367301
2018-04-03,0.8875865707833352,0.18814599999999998,-0.6819135707833353,-0.6994405707833353
2018-04-04,0.8718380510746174,0.195763,-0.6379780510746175,-0.6760750510746174
2018-04-05,1.0135747284530776,0.169025,-0.8246527284530776,-0.8445497284530776
2018-04-06,1.0205040771249134,0.17436800000000002,-0.8336520771249134,-0.8461360771249133
2018-04-09,1.0198741363365649,0.17353000000000002,-0.8383281363365649,-0.8463441363365649
2018-04-10,1.0217639587016107,0.163164,-0.8556989587016107,-0.8585999587016108
2018-04-11,1.026173544220052,0.169837,-0.8721195442200519,-0.8563365442200519
2018-04-12,1.0305831297384929,0.158108,-0.8765811297384929,-0.8724751297384928
2018-04-13,1.0053854982045445,0.152974,-0.8391904982045445,-0.8524114982045445
2018-04-16,0.9045949720687504,0.145036,-0.7354889720687504,-0.7595589720687503
2018-04-17,0.9102644391638888,0.13288,-0.7580184391638888,-0.7773844391638888
2018-04-18,0.9115243207405863,0.130383,-0.7776343207405864,-0.7811413207405863
2018-04-19,0.9083746167988427,0.137415,-0.7433866167988427,-0.7709596167988426
2018-04-20,0.8894763931483813,0.13756000000000002,-0.7356403931483814,-0.7519163931483813
2018-04-23,0.8932560378784736,0.13327999999999998,-0.7447250378784737,-0.7599760378784737
2018-04-24,0.8932560378784736,0.134086,-0.7077460378784737,-0.7591700378784736
2018-04-25,0.8850668076299404,0.146576,-0.6743088076299404,-0.7384908076299403
2018-04-26,0.8875865707833352,0.136785,-0.6670435707833352,-0.7508015707833353
2018-04-27,0.8825470444765455,0.13131500000000002,-0.6927860444765456,-0.7512320444765455
2018-04-30,0.8787673997464532,0.137154,-0.6819103997464533,-0.7416133997464532
2018-05-01,0.8390811300804845,,-0.6647171300804845,
2018-05-02,0.8390811300804845,0.135282,-0.6509351300804844,-0.7037991300804844
2018-05-03,0.8491601826940638,0.14457599999999998,-0.6533971826940638,-0.7045841826940638
2018-05-04,0.7861661038591926,0.134198,-0.6171411038591926,-0.6519681038591926
2018-05-07,0.7118330908340447,0.133159,-0.5374650908340446,-0.5786740908340446
2018-05-08,0.6979743934903729,0.137161,-0.5244443934903729,-0.560813393490373
2018-05-09,0.6765564066865167,0.133529,-0.5133924066865168,-0.5430274066865167
2018-05-10,0.6771863474748654,0.128229,-0.5073493474748654,-0.5489573474748654
2018-05-11,0.6677372356496347,0.124351,-0.5096292356496347,-0.5433862356496347
2018-05-14,0.6570282422477066,0.126448,-0.5040542422477066,-0.5305802422477066
2018-05-15,0.6545084790943119,0.12676500000000002,-0.5094724790943119,-0.5277434790943119
2018-05-16,0.45292742682272397,0.13572499999999998,-0.32004742682272397,-0.317202426822724
2018-05-17,0.44473819657419067,0.130848,-0.31435519657419064,-0.3138901965741907
2018-05-18,0.46363642022465207,0.139673,-0.32622142022465206,-0.3239634202246521
2018-05-21,0.45292742682272397,0.137761,-0.31536742682272395,-0.315166426822724
2018-05-22,0.43528908474896,0.12984500000000002,-0.30200908474896004,-0.30544408474896
2018-05-23,0.4995430451605286,0.150616,-0.36545704516052857,-0.34892704516052864
2018-05-24,0.5152915648692464,0.156902,-0.3687155648692464,-0.35838956486924645
2018-05-25,0.5146616240808977,0.160228,-0.37787662408089767,-0.3544336240808976
2018-05-28,0.5108819793508054,0.177786,-0.37956697935080536,-0.33309597935080537
2018-05-29,0.586474873952651,0.20154499999999997,-0.44932087395265097,-0.384929873952651
2018-05-30,0.5921443410477893,0.18341100000000002,,-0.40873334104778936
2018-05-31,0.616712031793389,0.17654699999999998,-0.48143003179338895,-0.44016503179338895
2018-06-01,0.66521747249624,0.156231,-0.52064147249624,-0.50898647249624
2018-06-04,0.6727767619564244,0.14364100000000002,-0.5385787619564244,-0.5291357619564244
2018-06-05,0.662697709342845,0.147988,-0.529538709342845,-0.514709709342845
2018-06-06,0.6532485975176143,0.147989,-0.5160875975176143,-0.5052595975176143
2018-06-07,0.6482090712108246,0.144204,-0.5146800712108246,-0.5040050712108246
2018-06-08,0.6412797225389888,0.149616,-0.5130507225389888,-0.4916637225389888
2018-06-11,0.6702569988030296,0.13991699999999999,-0.5459059988030296,-0.5303399988030296
2018-06-12,0.6614378277661476,0.136885,-0.5349898277661476,-0.5245528277661475
2018-06-13,0.6513587751525682,0.13198000000000001,-0.5245937751525682,-0.5193787751525683
2018-06-14,0.6929348671835832,0.114418,-0.5572098671835832,-0.5785168671835832
2018-06-15,0.6973444527020242,0.121297,-0.5664964527020242,-0.5760474527020242
2018-06-18,0.7244319066010189,0.13763,-0.5847589066010188,-0.5868019066010188
2018-06-19,0.7357708407912956,0.14868499999999998,-0.5980098407912956,-0.5870858407912957
2018-06-20,0.737030722367993,0.13983399999999999,-0.6071857223679931,-0.597196722367993
2018-06-21,0.7571888275951518,0.160901,-0.6065728275951519,-0.5962878275951519
2018-06-22,0.7943553341077259,0.142065,-0.6374533341077259,-0.6522903341077259
2018-06-25,0.879397340534802,0.17872699999999997,-0.719169340534802,-0.700670340534802
2018-06-26,0.879397340534802,0.17241099999999998,-0.701611340534802,-0.706986340534802
2018-06-27,0.8800272813231508,0.17180199999999998,-0.6784822813231508,-0.7082252813231508
2018-06-28,0.8894763931483813,0.184191,-0.7060653931483813,-0.7052853931483813
2018-06-29,0.9127842023172837,0.16633299999999998,-0.7362372023172837,-0.7464512023172838
2018-07-02,0.9102644391638888,0.17995899999999998,-0.7540334391638888,-0.7303054391638888
2018-07-03,0.9140440838939812,0.16390899999999997,-0.7704030838939812,-0.7501350838939812
2018-07-04,0.9115243207405863,0.162213,-0.7635363207405863,-0.7493113207405864
2018-07-05,0.9291626628143502,0.15731,-0.7811736628143502,-0.7718526628143503
2018-07-06,0.9153039654706785,0.147428,-0.7710999654706785,-0.7678759654706785
2018-07-09,0.866168583979479,0.140711,-0.7165525839794791,-0.725457583979479
2018-07-10,0.866168583979479,0.129935,-0.7262515839794791,-0.736233583979479
2018-07-11,0.8907362747250789,0.145961,-0.7538512747250788,-0.7447752747250789
2018-07-12,0.8611290576726893,0.134596,-0.7291490576726893,-0.7265330576726894
2018-07-13,0.8579793537309457,0.128035,-0.7435613537309457,-0.7299443537309457
2018-07-16,0.8560895313658996,0.130323,-0.7347925313658996,-0.7257665313658996
2018-07-17,0.8567194721542484,0.12556,-0.7190894721542483,-0.7311594721542484
2018-07-18,0.8699482287095713,0.119617,-0.7212632287095714,-0.7503312287095714
2018-07-19,0.87057816949792,0.128476,-0.73074416949792,-0.74210216949792
2018-07-20,0.8535697682125049,0.13774699999999998,-0.6926687682125049,-0.7158227682125049
2018-07-23,0.8535697682125049,0.141892,-0.7115047682125049,-0.7116777682125048
2018-07-24,0.8686883471328738,0.12725899999999998,-0.6899613471328738,-0.7414293471328738
2018-07-25,0.8308918998319511,0.135029,-0.6584808998319511,-0.6958628998319512
2018-07-26,0.8541997090008535,0.12136100000000001,-0.6823977090008535,-0.7328387090008535
2018-07-27,0.8315218406202998,0.116594,-0.6473308406202998,-0.7149278406202998
2018-07-30,0.8151433801232333,0.127107,-0.6488103801232333,-0.6880363801232333
2018-07-31,0.8170332024882795,0.12559599999999999,-0.6370742024882795,-0.6914372024882796
2018-08-01,0.7943553341077259,0.13028,-0.6304463341077259,-0.6640753341077259
2018-08-02,0.8025445643562591,0.145051,-0.640331564356259,-0.657493564356259
2018-08-03,0.6860055185117474,0.133973,-0.5286955185117475,-0.5520325185117474
2018-08-06,0.6853755777233987,0.13470000000000001,-0.5379475777233987,-0.5506755777233987
2018-08-07,0.6778162882632142,0.126265,-0.5371052882632141,-0.5515512882632142
2018-08-08,0.6519887159409169,0.128654,-0.5220537159409169,-0.523334715940917
2018-08-09,0.6349803146555018,0.124882,-0.48901931465550175,-0.5100983146555017
2018-08-10,0.7313612552728546,0.151113,-0.5967652552728546,-0.5802482552728545
2018-08-13,0.7137229131990908,0.159406,-0.5856879131990907,-0.5543169131990908
2018-08-14,0.7124630316223933,0.15861,-0.5821400316223934,-0.5538530316223933
2018-08-15,0.7458498934048751,0.184755,-0.6202898934048751,-0.5610948934048751
2018-08-16,0.7534091828650596,0.162633,-0.6337921828650597,-0.5907761828650596
2018-08-17,0.7489995973466186,0.160982,-0.6205235973466185,-0.5880175973466186
2018-08-20,0.7552990052301057,0.14501899999999998,-0.6175520052301058,-0.6102800052301057
2018-08-21,0.7124630316223933,0.138748,-0.5705710316223933,-0.5737150316223933
2018-08-22,0.7017540382204652,0.138512,-0.5744950382204652,-0.5632420382204653
2018-08-23,0.6992342750670704,0.136438,-0.5642052750670703,-0.5627962750670703
2018-08-24,0.7011240974321166,0.131882,-0.5797630974321165,-0.5692420974321166
2018-08-27,0.717502557929183,0.13114900000000002,-0.6009085579291831,-0.586353557929183
2018-08-28,0.7017540382204652,0.131602,-0.5746470382204653,-0.5701520382204652
2018-08-29,0.7004941566437677,0.129914,-0.5748981566437676,-0.5705801566437677
2018-08-30,0.7105732092573471,0.141532,-0.5802932092573472,-0.5690412092573471
2018-08-31,0.7395504855213879,0.156343,-0.5944994855213879,-0.5832074855213879
2018-09-03,0.7187624395058804,0.154945,-0.5847894395058804,-0.5638174395058804
2018-09-04,0.7389205447330393,0.163854,-0.6042205447330392,-0.5750665447330392
2018-09-05,0.7288414921194598,0.17288599999999998,-0.6025764921194599,-0.5559554921194598
2018-09-06,0.7193923802942291,0.171012,-0.5907383802942292,-0.5483803802942291
2018-09-07,0.7187624395058804,0.164546,-0.5938804395058803,-0.5542164395058804
2018-09-10,0.7225420842359728,0.158948,-0.5714290842359728,-0.5635940842359728
2018-09-11,0.7225420842359728,0.157862,-0.5631360842359727,-0.5646800842359727
2018-09-12,0.7080534461039523,0.15323499999999998,-0.5494434461039522,-0.5548184461039523
2018-09-13,0.70427380137386,0.145934,-0.51951880137386,-0.55833980137386
2018-09-14,0.7093133276806497,0.138963,-0.5466803276806497,-0.5703503276806496
2018-09-17,0.695454630336978,0.145708,-0.534472630336978,-0.549746630336978
2018-09-18,0.7017540382204652,0.14356,-0.5567350382204652,-0.5581940382204652
2018-09-19,0.7061636237389062,0.135296,-0.5674156237389062,-0.5708676237389062
2018-09-20,0.6419096633273376,0.13184300000000002,-0.5033976633273376,-0.5100666633273375
2018-09-21,0.6538785383059631,0.128151,-0.517440538305963,-0.5257275383059631
2018-09-24,0.6639575909195424,0.137328,-0.5320755909195425,-0.5266295909195424
2018-09-25,0.5984437489312764,0.131636,-0.46729474893127637,-0.4668077489312764
2018-09-26,0.5946641042011841,0.12851800000000002,-0.4630621042011841,-0.4661461042011841
2018-09-27,0.5984437489312764,0.13171,-0.4685297489312764,-0.4667337489312764
2018-09-28,0.656398301459358,0.147637,-0.514866301459358,-0.5087613014593579
2018-10-01,0.6545084790943119,0.142333,-0.49816547909431186,-0.5121754790943118
2018-10-02,0.6671072948612861,0.154784,-0.5121622948612861,-0.512323294861286
2018-10-03,0.6740366435331218,0.146064,-0.5101826435331218,-0.5279726435331218
2018-10-04,0.6923049263952346,0.16024899999999997,-0.5194189263952346,-0.5320559263952346
2018-10-05,0.6866354593000962,0.166807,-0.5156234593000961,-0.5198284593000961
2018-10-08,0.7099432684689985,0.176264,-0.5453972684689985,-0.5336792684689985
2018-10-09,0.713092972410742,0.169002,-0.554144972410742,-0.544090972410742
2018-10-10,0.7615984131135928,0.184029,-0.6037364131135927,-0.5775694131135928
2018-10-11,0.8019146235679104,0.212373,-0.6486796235679104,-0.5895416235679104
2018-10-12,0.8019146235679104,0.202103,-0.6559806235679104,-0.5998116235679104
2018-10-15,0.7949852748960745,0.19070299999999998,-0.6560222748960745,-0.6042822748960746
2018-10-16,0.8176631432766283,0.168341,-0.6719551432766282,-0.6493221432766283
2018-10-17,0.8145134393348846,0.170163,-0.6709534393348846,-0.6443504393348847
2018-10-18,0.8327817221969973,0.18171199999999998,-0.6974857221969973,-0.6510697221969973
2018-10-19,0.8252224327368127,0.187838,-0.6933794327368127,-0.6373844327368128
2018-10-22,0.8308918998319511,0.193581,-0.7027408998319511,-0.6373108998319511
2018-10-23,0.864278761614433,0.213624,-0.726950761614433,-0.6506547616144329
2018-10-24,0.8611290576726893,0.219772,-0.7294930576726893,-0.6413570576726894
2018-10-25,0.8901063339367301,0.207552,-0.7615883339367301,-0.6825543339367302
2018-10-26,0.8995554457619607,0.23739100000000002,-0.7678454457619607,-0.6621644457619607
2018-10-29,0.907744676010494,0.222872,-0.760107676010494,-0.6848726760104941
2018-10-30,0.9020752089153556,0.22224900000000003,-0.7597422089153556,-0.6798262089153556
2018-10-31,0.9367219522745347,0.203038,-0.7819379522745347,-0.7336839522745346
2018-11-01,0.9190836102007708,0.18995,-0.7730196102007708,-0.7291336102007708
2018-11-02,0.9222333141425144,0.18847999999999998,-0.7619843141425144,-0.7337533141425144
2018-11-05,0.9190836102007708,0.183296,-0.7522766102007707,-0.7357876102007708
2018-11-06,0.912154261528935,0.181091,-0.735890261528935,-0.731063261528935
2018-11-07,0.9423914193696732,0.16426400000000002,-0.7733894193696732,-0.7781274193696732
2018-11-08,0.9090045575871915,0.15881,-0.7249755575871915,-0.7501945575871914
2018-11-09,0.9014452681270069,0.16377300000000003,-0.6890722681270068,-0.7376722681270068
2018-11-12,0.912154261528935,0.178587,-0.7100512615289349,-0.733567261528935
2018-11-13,0.9297926036026989,0.17029,-0.7390896036026989,-0.7595026036026988
2018-11-14,0.9228632549308631,0.184549,-0.7545222549308631,-0.7383142549308631
2018-11-15,0.9146740246823298,0.201522,-0.7445110246823299,-0.7131520246823299
2018-11-16,0.8976656233969146,0.180762,-0.7159536233969146,-0.7169036233969146
2018-11-19,0.8970356826085659,0.18032,-0.709197682608566,-0.7167156826085659
2018-11-20,0.8825470444765455,0.199622,-0.6889660444765455,-0.6829250444765456
2018-11-21,0.8604991168843407,0.182397,-0.6468751168843406,-0.6781021168843406
2018-11-22,0.87057816949792,0.192881,-0.65080616949792,-0.67769716949792
2018-11-23,0.8674284655561764,0.18973800000000002,-0.6598764655561764,-0.6776904655561764
2018-11-26,0.8479003011173665,0.18422799999999998,-0.6105093011173665,-0.6636723011173665
2018-11-27,0.8453805379639715,0.18478999999999998,-0.6225085379639715,-0.6605905379639715
2018-11-28,0.8277421958902076,0.18595199999999998,-0.6054931958902076,-0.6417901958902076
2018-11-29,0.829002077466905,0.1861,-0.6259640774669051,-0.642902077466905
2018-11-30,0.820182906430023,0.18493500000000002,-0.6302329064300229,-0.6352479064300229
2018-12-03,0.800654741991213,0.169152,-0.612174741991213,-0.631502741991213
2018-12-04,0.813883498546536,0.17208500000000002,-0.630587498546536,-0.6417984985465359
2018-12-05,0.8245924919484641,0.190904,-0.6435014919484641,-0.6336884919484641
2018-12-06,1.0268034850084007,0.246155,-0.8625394850084007,-0.7806484850084007
2018-12-07,1.0217639587016107,0.21668800000000002,-0.8629539587016107,-0.8050759587016107
2018-12-10,1.0488514126006054,0.236592,-0.8850784126006054,-0.8122594126006054
2018-12-11,1.0312130705268416,0.210925,-0.8526260705268416,-0.8202880705268416
2018-12-12,1.0879077414782257,0.197254,-0.9176177414782256,-0.8906537414782256
2018-12-13,1.0860179191131794,0.191773,-0.9014689191131794,-0.8942449191131794
2018-12-14,1.089167623054923,0.191643,-0.887645623054923,-0.897524623054923
2018-12-17,1.0992466756685024,0.198187,-0.9184846756685024,-0.9010596756685024
2018-12-18,1.0721592217695077,0.200366,-0.8918392217695077,-0.8717932217695077
2018-12-19,1.0778286888646462,0.196024,-0.8782066888646463,-0.8818046888646462
2018-12-20,1.1143652545888716,0.20733000000000001,-0.9319682545888716,-0.9070352545888716
2018-12-21,1.1030263203985948,0.203984,-0.9101453203985949,-0.8990423203985949
2018-12-24,1.0853879783248308,,-0.8956499783248308,
2018-12-27,1.0986167348801539,0.256882,-0.9143887348801539,-0.8417347348801538
2018-12-28,1.1584611097732815,0.238643,-0.9736711097732815,-0.9198181097732816
2018-12-31,1.1666503400218147,,-0.9806983400218147,
2019-01-02,1.163500636080071,0.233924,-0.9774006360800711,-0.929576636080071
2019-01-03,1.15909105056163,0.22997800000000002,-0.97415605056163,-0.9291130505616301
2019-01-04,1.2731103332527471,0.204827,-1.1039583332527472,-1.068283333252747
2019-01-07,1.2649211030042136,0.20151,-1.0928361030042135,-1.0634111030042135
2019-01-08,1.2718504516760496,0.194803,-1.0809464516760496,-1.0770474516760495
2019-01-09,1.2548420503906343,0.18997,-1.0086870503906344,-1.0648720503906344
2019-01-10,1.2561019319673319,0.186879,-1.039413931967332,-1.0692229319673319
2019-01-11,1.2554719911789831,0.17418199999999998,-1.0188799911789832,-1.081289991178983
2019-01-14,1.2561019319673319,0.178987,-1.0451769319673319,-1.0771149319673319
2019-01-15,1.2605115174857728,0.16933399999999998,-1.0632575174857728,-1.091177517485773
2019-01-16,1.2321641820100806,0.157177,-1.0403911820100806,-1.0749871820100805
2019-01-17,1.2258647741265936,0.154064,-1.0342217741265936,-1.0718007741265936
2019-01-18,1.2768899779828393,0.14279999999999998,-1.0787029779828394,-1.1340899779828393
2019-01-21,1.0992466756685024,0.15385,-0.8988806756685024,-0.9453966756685024
2019-01-22,1.1011364980335487,0.159971,-0.9051124980335488,-0.9411654980335488
2019-01-23,1.065229873097672,0.164792,-0.8578998730976719,-0.9004378730976719
2019-01-24,1.043811886293816,0.155603,-0.839827886293816,-0.888208886293816
2019-01-25,1.0173543731831698,0.14782299999999998,,-0.8695313731831698
2019-01-28,1.0305831297384929,0.161551,-0.7737011297384928,-0.8690321297384929
2019-01-29,1.0268034850084007,0.16045600000000002,-0.7881604850084007,-0.8663474850084006
2019-01-30,1.0079052613579391,0.160154,,-0.8477512613579391
2019-01-31,0.9940465640142675,0.151126,-0.7601225640142675,-0.8429205640142675
2019-02-01,0.9940465640142675,0.139879,-0.7640685640142675,-0.8541675640142675
2019-02-04,0.9304225443910477,0.142075,-0.7255955443910477,-0.7883475443910477
2019-02-05,0.9650692877502268,0.135808,-0.7635592877502269,-0.8292612877502268
2019-02-06,0.9417614785813244,0.13616,-0.7469584785813244,-0.8056014785813244
2019-02-07,0.9921567416492214,0.16170600000000002,-0.8021867416492214,-0.8304507416492214
2019-02-08,0.9606597022317859,0.16313199999999997,-0.7737807022317859,-0.7975277022317859
2019-02-11,0.9701088140570165,0.15218600000000002,-0.7959268140570166,-0.8179228140570165
2019-02-12,0.9726285772104113,0.142814,-0.7936415772104113,-0.8298145772104113
2019-02-13,0.9266428996609555,0.139695,-0.7573088996609555,-0.7869478996609555
2019-02-14,0.785536163070844,0.15757,-0.6283591630708439,-0.627966163070844
2019-02-15,0.8409709524455306,0.142944,-0.6869069524455306,-0.6980269524455306
2019-02-18,0.8365613669270895,0.145378,-0.6937613669270895,-0.6911833669270895
2019-02-19,0.8371913077154383,0.146143,-0.6833413077154382,-0.6910483077154382
2019-02-20,0.8409709524455306,0.142742,-0.6809999524455306,-0.6982289524455305
2019-02-21,0.837821248503787,0.14344400000000002,-0.673029248503787,-0.694377248503787
2019-02-22,0.8271122551018589,0.139767,-0.6715092551018589,-0.687345255101859
2019-02-25,0.8264823143135102,0.138464,-0.6786593143135102,-0.6880183143135101
2019-02-26,0.8264823143135102,0.138942,-0.6649313143135102,-0.6875403143135101
2019-02-27,0.8252224327368127,0.143497,-0.6647664327368127,-0.6817254327368127
2019-02-28,0.7408103670980853,0.135876,-0.5806563670980853,-0.6049343670980853
2019-03-01,0.7357708407912956,0.133709,-0.5846448407912956,-0.6020618407912957
2019-03-04,0.7269516697544136,0.136499,-0.5870726697544136,-0.5904526697544136
2019-03-05,0.7250618473893675,0.135075,-0.5829868473893676,-0.5899868473893675
2019-03-06,0.726321728966065,0.134409,-0.5905137289660649,-0.591912728966065
2019-03-07,0.7124630316223933,0.13867100000000002,-0.5763030316223934,-0.5737920316223933
2019-03-08,0.7093133276806497,0.14411,-0.5476073276806497,-0.5652033276806497
2019-03-11,0.7118330908340447,0.141546,-0.5487010908340447,-0.5702870908340447
2019-03-12,0.7124630316223933,0.138356,-0.5602770316223933,-0.5741070316223933
2019-03-13,0.7156127355641368,0.13950300000000002,-0.5727987355641369,-0.5761097355641368
2019-03-14,0.7181324987175317,0.136478,-0.5784374987175317,-0.5816544987175317
2019-03-15,0.7452199526165263,0.129242,-0.5876499526165263,-0.6159779526165263
2019-03-18,0.6986043342787216,0.132122,-0.5556603342787216,-0.5664823342787216
2019-03-19,0.7017540382204652,0.130007,-0.5563760382204652,-0.5717470382204652
2019-03-20,0.6179719133700865,0.144778,-0.4718289133700865,-0.47319391337008654
2019-03-21,0.6066329791798097,0.156876,-0.4638909791798097,-0.4497569791798097
2019-03-22,0.7080534461039523,0.176785,-0.5646094461039523,-0.5312684461039523
2019-03-25,0.6986043342787216,0.17335599999999998,-0.5588373342787216,-0.5252483342787216
2019-03-26,0.7030139197971627,0.15845700000000001,-0.5645499197971626,-0.5445569197971627
2019-03-27,0.6878953408767935,0.163337,-0.5489533408767935,-0.5245583408767935
2019-03-28,0.6053730976031122,0.16671500000000003,-0.4618760976031122,-0.43865809760311214
2019-03-29,0.6267910844069684,0.152748,-0.4909150844069684,-0.4740430844069684
2019-04-01,0.6456893080574299,0.147903,-0.5119803080574299,-0.49778630805742985
2019-04-02,0.6400198409622914,0.147848,-0.5035208409622913,-0.4921718409622914
2019-04-03,0.6689971172263321,0.141923,-0.5339221172263322,-0.5270741172263321
2019-04-04,0.6689971172263321,0.142468,-0.5345881172263321,-0.5265291172263321
2019-04-05,0.6683671764379834,0.13552,-0.5296961764379834,-0.5328471764379834
2019-04-08,0.6734067027447731,0.14603,-0.5292967027447731,-0.5273767027447731
2019-04-09,0.6853755777233987,0.145187,-0.5438295777233988,-0.5401885777233988
2019-04-10,0.6828558145700038,0.14281,-0.5444998145700037,-0.5400458145700038
2019-04-11,0.6809659922049577,0.12595,-0.5414629922049576,-0.5550159922049577
2019-04-12,0.6828558145700038,0.11877,-0.5463778145700038,-0.5640858145700037
2019-04-15,0.6822258737816551,0.114864,-0.5529838737816551,-0.5673618737816551
2019-04-16,0.6822258737816551,0.113012,-0.5501038737816552,-0.5692138737816551
2019-04-17,0.6734067027447731,0.11267200000000001,-0.5433997027447731,-0.5607347027447731
2019-04-18,0.6526186567292657,0.11006600000000001,-0.5078406567292657,-0.5425526567292657
2019-04-23,0.647579130422476,0.12204000000000001,-0.49070313042247593,-0.5255391304224759
2019-04-24,0.647579130422476,0.125447,-0.470794130422476,-0.522132130422476
2019-04-25,0.6500988935758708,0.129572,-0.47674289357587085,-0.5205268935758708
2019-04-26,0.6456893080574299,0.126034,-0.48723230805742984,-0.5196553080574299
2019-04-29,0.6060030383914609,0.130278,-0.44266603839146085,-0.47572503839146085
2019-04-30,0.6072629199681584,0.132624,-0.44054791996815834,-0.47463891996815843
2019-05-01,0.5997036305079738,,-0.4469556305079738,
2019-05-02,0.577655702915769,0.14335699999999998,-0.42975270291576895,-0.434298702915769
2019-05-03,0.577655702915769,0.133808,-0.429807702915769,-0.4438477029157689
2019-05-06,0.4976532227954825,0.15737500000000001,-0.3557302227954825,-0.3402782227954825
2019-05-07,0.6179719133700865,0.180429,-0.47550391337008646,-0.4375429133700865
2019-05-08,0.6154521502166916,0.176428,-0.47993215021669167,-0.4390241502166916
2019-05-09,0.7288414921194598,0.200378,-0.5828114921194598,-0.5284634921194598
2019-05-10,0.7301013736961572,0.18507300000000002,-0.5849143736961573,-0.5450283736961572
2019-05-13,0.7452199526165263,0.19426400000000002,-0.6024099526165263,-0.5509559526165263
2019-05-14,0.7628582946902902,0.17560900000000002,-0.6369082946902902,-0.5872492946902902
2019-05-15,0.7704175841504748,0.167467,-0.6516475841504747,-0.6029505841504748
2019-05-16,0.7943553341077259,0.150605,-0.6794913341077259,-0.6437503341077259
2019-05-17,0.7968750972611207,0.149769,-0.6838630972611207,-0.6471060972611207
2019-05-20,0.852939827424156,0.173812,-0.740267827424156,-0.679127827424156
2019-05-21,0.8586092945192946,0.158302,-0.7485432945192946,-0.7003072945192945
2019-05-22,0.8516799458474587,0.15449400000000002,-0.7296399458474586,-0.6971859458474586
2019-05-23,0.9108943799522377,0.17637,-0.7854473799522377,-0.7345243799522376
2019-05-24,0.9203434917774682,0.16714600000000002,-0.7907714917774682,-0.7531974917774682
2019-05-27,0.9209734325658169,0.16237300000000002,-0.7949394325658169,-0.7586004325658169
2019-05-28,0.9234931957192118,0.161658,-0.7932151957192118,-0.7618351957192119
2019-05-29,0.9568800575016935,0.177806,-0.8242560575016935,-0.7790740575016935
2019-05-30,0.9619195838084832,0.167607,,-0.7943125838084832
2019-05-31,0.9663291693269243,0.174218,-0.8229721693269243,-0.7921111693269243
2019-06-03,0.9770381627288524,0.17241700000000001,-0.8432301627288523,-0.8046211627288523
2019-06-04,1.0028657350511496,0.1642,-0.8454907350511496,-0.8386657350511496
2019-06-05,1.0047555574161957,0.161034,-0.8243265574161958,-0.8437215574161957
2019-06-06,1.0022357942628008,0.156299,-0.8258077942628008,-0.8459367942628009
2019-06-07,1.0337328336802365,0.149085,-0.8333548336802366,-0.8846478336802365
2019-06-10,1.0318430113151902,0.148913,-0.8467700113151901,-0.8829300113151902
2019-06-11,1.0368825376219801,0.14795999999999998,-0.8426185376219801,-0.8889225376219801
2019-06-12,1.0318430113151902,0.14945,-0.8562340113151902,-0.8823930113151902
2019-06-13,1.028063366585098,0.143656,-0.860596366585098,-0.884407366585098
2019-06-14,1.0097950837229854,0.143629,-0.8591900837229854,-0.8661660837229854
2019-06-17,0.9531004127716013,0.140293,-0.8033314127716012,-0.8128074127716013
2019-06-18,1.0255436034317031,0.132695,-0.8517316034317032,-0.8928486034317031
2019-06-19,0.9480608864648117,0.136604,-0.7897588864648117,-0.8114568864648117
2019-06-20,0.949320768041509,0.133474,-0.794826768041509,-0.815846768041509
2019-06-21,0.9146740246823298,0.133894,-0.7383040246823298,-0.7807800246823298
2019-06-24,0.8901063339367301,0.13966900000000002,-0.7229603339367301,-0.7504373339367301
2019-06-25,0.8869566299949865,0.139815,-0.7245836299949865,-0.7471416299949865
2019-06-26,0.837821248503787,0.140634,-0.6761632485037871,-0.697187248503787
2019-06-27,0.8346715445620434,0.141174,-0.6568655445620434,-0.6934975445620434
2019-06-28,0.7842762814941464,0.137342,-0.6166692814941463,-0.6469342814941464
2019-07-01,0.7886858670125875,0.12383,-0.6144678670125875,-0.6648558670125875
2019-07-02,0.7893158078009361,0.11837099999999999,-0.6168988078009361,-0.6709448078009361
2019-07-03,0.7112031500456958,0.117045,-0.5470031500456958,-0.5941581500456958
2019-07-04,0.7049037421622087,0.117651,-0.5438697421622087,-0.5872527421622087
2019-07-05,0.7137229131990908,0.124185,-0.5574239131990908,-0.5895379131990908
2019-07-08,0.7061636237389062,0.12616,-0.5570786237389062,-0.5800036237389061
2019-07-09,0.6330904922904557,0.127504,-0.4841774922904557,-0.5055864922904556
2019-07-10,0.6337204330788043,0.128191,-0.48576043307880434,-0.5055294330788043
2019-07-11,0.5826952292225586,0.124747,-0.4332452292225586,-0.45794822922255857
2019-07-12,0.5789155844924663,0.123888,-0.43525958449246627,-0.4550275844924663
2019-07-15,0.5568676569002614,0.126064,-0.4132386569002614,-0.4308036569002614
2019-07-16,0.5619071832070511,0.121592,-0.42161418320705113,-0.4403151832070511
2019-07-17,0.577655702915769,0.126034,-0.44496070291576895,-0.451621702915769
2019-07-18,0.5562377161119127,0.13332,-0.41963371611191275,-0.42291771611191276
2019-07-19,0.5562377161119127,0.136973,-0.42276371611191277,-0.41926471611191274
2019-07-22,0.5537179529585178,0.135495,-0.41982395295851777,-0.41822295295851775
2019-07-23,0.583955110799256,0.127137,-0.44428611079925595,-0.456818110799256
2019-07-24,0.5845850515876048,0.131227,-0.44477005158760474,-0.4533580515876048
2019-07-25,0.5965539265662303,0.132666,-0.45591992656623026,-0.4638879265662303
2019-07-26,0.5990736897196252,0.12669,-0.45789968971962514,-0.4723836897196252
2019-07-29,0.4705657688964879,0.126386,-0.33322376889648786,-0.3441797688964879
2019-07-30,0.5814353476458612,0.144662,-0.45760534764586125,-0.43677334764586123
2019-07-31,0.5770257621274202,0.143909,-0.4586547621274202,-0.4331167621274202
2019-08-01,0.5908844594710919,0.137348,-0.4738394594710919,-0.4535364594710919
2019-08-02,0.8630188800377354,0.18348099999999998,-0.7453678800377355,-0.6795378800377354
2019-08-05,0.931682425967745,0.21061800000000003,-0.807497425967745,-0.721064425967745
2019-08-06,0.9348321299094886,0.213783,-0.8086721299094886,-0.7210491299094886
2019-08-07,0.9442812417347193,0.21039000000000002,-0.8167772417347192,-0.7338912417347192
2019-08-08,1.006015438992893,0.18003699999999997,-0.8778244389928931,-0.825978438992893
2019-08-09,1.0160944916064725,0.18953299999999998,-0.8913474916064725,-0.8265614916064725
2019-08-12,1.0116849060880315,0.192544,-0.8877969060880315,-0.8191409060880315
2019-08-13,1.0116849060880315,0.186224,-0.8856209060880316,-0.8254609060880316
2019-08-14,1.069639458616113,0.22061599999999998,-0.9480474586161131,-0.8490234586161132
2019-08-15,1.0690095178277643,0.22541899999999998,-0.9429755178277643,-0.8435905178277643
2019-08-16,1.1131053730121743,0.203841,-0.9797853730121743,-0.9092643730121743
2019-08-19,1.1427125900645636,0.18255600000000002,-1.0057395900645636,-0.9601565900645636
2019-08-20,1.1458622940063072,0.18428899999999998,-1.0103672940063073,-0.9615732940063073
2019-08-21,1.1792491557887887,0.16772099999999998,-1.0521121557887887,-1.0115281557887887
2019-08-22,1.1830288005188812,0.182332,-1.0518018005188812,-1.0006968005188812
2019-08-23,1.1981473794392503,0.201473,-1.0654813794392504,-0.9966743794392503
2019-08-26,1.1956276162858555,0.202502,-1.0689376162858555,-0.9931256162858555
2019-08-27,1.20318690574604,0.19439900000000002,-1.07680090574604,-1.00878790574604
2019-08-28,1.2000372018042964,0.193267,-1.0553752018042963,-1.0067702018042963
2019-08-29,1.2321641820100806,0.17601,-1.0882551820100805,-1.0561541820100806
2019-08-30,1.2346839451634757,0.17668099999999998,-1.0973359451634757,-1.0580029451634756
2019-09-02,1.209486313629527,0.175382,-1.026005313629527,-1.0341043136295271
2019-09-03,1.2101162544178758,0.182403,-0.9994982544178759,-1.0277132544178758
2019-09-04,1.2195653662431065,0.165794,-1.0057823662431065,-1.0537713662431065
2019-09-05,1.2321641820100806,0.155052,-1.0217741820100805,-1.0771121820100806
2019-09-06,1.234054004375127,0.146313,-1.054017004375127,-1.087741004375127
2019-09-09,1.1880683268256709,0.149418,-0.9985353268256709,-1.0386503268256708
2019-09-10,1.1880683268256709,0.15257400000000002,-0.9955243268256708,-1.0354943268256709
2019-09-11,1.1849186228839272,0.154354,-0.9986946228839273,-1.0305646228839271
2019-09-12,0.9927866824375702,0.144138,-0.7721706824375703,-0.8486486824375702
2019-09-13,0.9033350904920531,0.13736399999999999,-0.6779160904920531,-0.7659710904920531
2019-09-16,0.9153039654706785,0.15246700000000002,-0.7114629654706786,-0.7628369654706785
2019-09-17,0.9134141431056324,0.155502,-0.7308581431056324,-0.7579121431056324
2019-09-18,0.8479003011173665,0.152097,-0.6636113011173665,-0.6958033011173664
2019-09-19,0.8082140314513975,0.14501,-0.6404930314513975,-0.6632040314513975
2019-09-20,0.8056942682980026,0.13974399999999998,-0.6233622682980027,-0.6659502682980026
2019-09-23,0.8258523735251614,0.155783,-0.6243793735251614,-0.6700693735251614
2019-09-24,0.70427380137386,0.159723,-0.50177180137386,-0.54455080137386
2019-09-25,0.7156127355641368,0.17231300000000002,-0.5212137355641369,-0.5432997355641368
2019-09-26,0.6815959329933065,0.16587,-0.4883289329933065,-0.5157259329933065
2019-09-27,0.6551384198826605,0.158826,-0.47912841988266053,-0.4963124198826605
2019-09-30,0.6444294264807324,0.158282,-0.46774842648073245,-0.4861474264807324
2019-10-01,0.680336051416609,0.1726,-0.504954051416609,-0.507736051416609
2019-10-02,0.8945159194551711,0.210071,-0.7121129194551711,-0.684444919455171
2019-10-03,0.8623889392493868,0.205011,-0.6965949392493868,-0.6573779392493868
2019-10-04,0.8724679918629661,0.185245,-0.7174159918629661,-0.6872229918629661
2019-10-07,0.8737278734396635,0.17856000000000002,-0.7274148734396635,-0.6951678734396635
2019-10-08,0.9027051497037043,0.192294,-0.7532871497037044,-0.7104111497037043
2019-10-09,0.8806572221114994,0.183918,-0.7280832221114995,-0.6967392221114994
2019-10-10,0.8932560378784736,0.17418,-0.7389020378784736,-0.7190760378784736
2019-10-11,0.9757782811521549,0.158911,-0.8316402811521549,-0.8168672811521549
2019-10-14,0.9764082219405036,0.159171,-0.8390442219405037,-0.8172372219405035
2019-10-15,0.986487274554083,0.144716,-0.834020274554083,-0.8417712745540831
2019-10-16,0.9732585179987601,0.1476,-0.81775651799876,-0.8256585179987601
2019-10-17,0.9757782811521549,0.149276,-0.8236812811521549,-0.826502281152155
2019-10-18,0.977668103517201,0.153746,-0.832658103517201,-0.8239221035172011
2019-10-21,0.9820776890356421,0.147438,-0.8423336890356421,-0.834639689035642
2019-10-22,0.9789279850938984,0.141743,-0.8231449850938984,-0.8371849850938984
2019-10-23,0.9732585179987601,0.134557,-0.81353551799876,-0.83870151799876
2019-10-24,0.9745183995754575,0.13091799999999998,-0.8022053995754574,-0.8436003995754575
2019-10-25,0.9556201759249962,0.128208,-0.7897501759249962,-0.8274121759249962
2019-10-28,0.9556201759249962,0.13200599999999998,-0.7967941759249961,-0.8236141759249962
2019-10-29,0.9562501167133448,0.137262,-0.7979681167133448,-0.8189881167133448
2019-10-30,0.949320768041509,0.137963,-0.776720768041509,-0.8113577680415089
2019-10-31,0.949320768041509,0.137919,-0.739249768041509,-0.811401768041509
2019-11-01,0.9335722483327912,0.128444,-0.7285612483327912,-0.8051282483327912
2019-11-04,0.9531004127716013,0.129047,-0.7678554127716013,-0.8240534127716013
2019-11-05,0.944911182523068,0.12922599999999998,-0.766351182523068,-0.8156851825230681
2019-11-06,0.9423914193696732,0.129335,-0.7500974193696732,-0.8130564193696732
2019-11-07,0.9436513009463706,0.12754200000000002,-0.7597333009463706,-0.8161093009463706
2019-11-08,0.9398716562162783,0.128514,-0.7656916562162783,-0.8113576562162783
2019-11-11,0.8901063339367301,0.130887,-0.7311953339367301,-0.7592193339367301
2019-11-12,0.634350373867153,0.126338,-0.475179373867153,-0.5080123738671529
2019-11-13,0.6444294264807324,0.127955,-0.4997134264807324,-0.5164744264807324
2019-11-14,0.6425396041156862,0.124735,-0.4949396041156862,-0.5178046041156862
2019-11-15,0.6406497817506401,0.11537000000000001,-0.49137378175064017,-0.5252797817506402
2019-11-18,0.5902545186827431,0.120372,-0.43650851868274315,-0.4698825186827431
2019-11-19,0.5858449331643022,0.12369899999999999,-0.4384069331643022,-0.4621459331643022
2019-11-20,0.579545525280815,0.127274,-0.43780252528081504,-0.45227152528081505
2019-11-21,0.43528908474896,0.13131700000000002,-0.30073208474895996,-0.30397208474896
2019-11-22,0.4252100321353806,0.130888,-0.29429203213538063,-0.2943220321353806
2019-11-25,0.38174411773931943,0.12383699999999999,-0.25353611773931944,-0.25790711773931946
2019-11-26,0.3823740585276682,0.12095399999999999,-0.2503680585276682,-0.2614200585276682
2019-11-27,0.3748147690674837,0.122032,-0.23755276906748368,-0.25278276906748365
2019-11-28,0.3735548874907862,0.127959,-0.2355918874907862,-0.2455958874907862
2019-11-29,0.3634758348772068,0.13174,-0.2255568348772068,-0.2317358348772068
2019-12-02,0.551198189805123,0.158889,-0.422754189805123,-0.392309189805123
2019-12-03,0.5574975976886101,0.16909600000000002,-0.42845059768861005,-0.38840159768861005
2019-12-04,0.6085228015448558,0.15223699999999998,-0.4792968015448559,-0.4562858015448559
2019-12-05,0.6123024462749481,0.15370699999999998,-0.48296744627494814,-0.45859544627494814
2019-12-06,0.6519887159409169,0.141327,-0.5244467159409169,-0.5106617159409169
2019-12-09,0.6614378277661476,0.149246,-0.5329238277661476,-0.5121918277661476
2019-12-10,0.6614378277661476,0.15022,-0.5305508277661476,-0.5112178277661475
2019-12-11,0.6576581830360553,0.152345,-0.5313201830360552,-0.5053131830360553
2019-12-12,0.6570282422477066,0.146631,-0.5290732422477066,-0.5103972422477066
2019-12-13,0.6349803146555018,0.131174,-0.5102453146555017,-0.5038063146555017
2019-12-16,0.6633276501311937,0.11644,-0.5479576501311937,-0.5468876501311937
2019-12-17,0.6790761698399115,0.121489,-0.5587041698399114,-0.5575871698399115
2019-12-18,0.6752965251098193,0.118244,-0.5515975251098193,-0.5570525251098193
2019-12-19,0.6740366435331218,0.121761,-0.5467626435331218,-0.5522756435331218
2019-12-20,0.6973444527020242,0.11077400000000001,-0.5660274527020241,-0.5865704527020241
2019-12-23,0.6941947487602806,0.11648199999999999,-0.5633067487602806,-0.5777127487602807
2019-12-24,0.6897851632418396,,-0.5659481632418396,
2019-12-27,0.6866354593000962,0.120913,-0.5656814593000962,-0.5657224593000961
2019-12-30,0.7030139197971627,0.139548,-0.5809819197971626,-0.5634659197971627
2019-12-31,0.7023839790088139,,-0.5744249790088138,
2020-01-02,0.7376606631563418,0.12673600000000002,-0.6059206631563419,-0.6109246631563419
2020-01-03,0.7427001894631314,0.139588,-0.5838111894631315,-0.6031121894631315
2020-01-06,0.7515193605000134,0.15140399999999998,-0.5824233605000134,-0.6001153605000135
2020-01-07,0.7508894197116647,0.142117,-0.5986524197116647,-0.6087724197116646
2020-01-08,0.7471097749815724,0.140401,-0.5934027749815725,-0.6067087749815724
2020-01-09,0.7540391236534083,0.130363,-0.6127121236534083,-0.6236761236534083
2020-01-10,0.7552990052301057,0.123886,-0.6060530052301057,-0.6314130052301057
2020-01-13,0.7559289460184544,0.127138,-0.6057089460184544,-0.6287909460184544
2020-01-14,0.7565588868068032,0.124099,-0.6042138868068032,-0.6324598868068032
2020-01-15,0.629940788348712,0.12040800000000002,-0.483309788348712,-0.509532788348712
2020-01-16,0.6198617357351326,0.110223,-0.4886877357351326,-0.5096387357351326
2020-01-17,0.5934042226244867,0.106899,-0.4769642226244867,-0.4865052226244867
2020-01-20,0.5915144002594406,0.112522,-0.47002540025944056,-0.47899240025944056
2020-01-21,0.5574975976886101,0.118141,-0.43925359768861005,-0.4393565976886101
2020-01-22,0.5562377161119127,0.122389,-0.43447671611191274,-0.4338487161119128
2020-01-23,0.5852149923759534,0.13164,-0.4744409923759534,-0.45357499237595345
2020-01-24,0.6154521502166916,0.126665,-0.49897015021669167,-0.4887871502166916
2020-01-27,0.805064327509654,0.171711,,-0.6333533275096539
2020-01-28,0.8239625511601153,0.151979,-0.7030495511601152,-0.6719835511601153
2020-01-29,0.8000248012028642,0.144199,-0.6604768012028642,-0.6558258012028643
2020-01-30,0.8214427880067204,0.16417400000000001,,-0.6572687880067204
2020-01-31,0.857349412942597,0.171542,-0.730613412942597,-0.6858074129425971
2020-02-03,0.866168583979479,0.162837,-0.726580583979479,-0.703331583979479
2020-02-04,0.9234931957192118,0.144971,-0.7720891957192119,-0.7785221957192119
2020-02-05,0.9537303535599501,0.136052,-0.8116133535599501,-0.8176783535599501
2020-02-06,0.9631794653851806,0.129889,-0.8227784653851806,-0.8332904653851806
2020-02-07,0.9631794653851806,0.133241,-0.8328164653851806,-0.8299384653851807
2020-02-10,0.9474309456764628,0.137034,-0.8235449456764627,-0.8103969456764628
2020-02-11,0.9593998206550884,0.129201,-0.8322618206550885,-0.8301988206550884
2020-02-12,0.9398716562162783,0.124526,-0.8157726562162784,-0.8153456562162783
2020-02-13,0.9348321299094886,0.132476,-0.8144241299094885,-0.8023561299094886
2020-02-14,0.9279027812376528,0.130625,-0.8176797812376528,-0.7972777812376528
2020-02-17,0.9285327220260016,0.12965400000000002,-0.8216337220260016,-0.7988787220260015
2020-02-18,0.9323123667560939,0.138431,-0.8197903667560938,-0.7938813667560939
2020-02-19,0.9354620706978373,0.128829,-0.8173210706978373,-0.8066330706978373
2020-02-20,0.9600297614434371,0.1409,-0.8376407614434371,-0.8191297614434371
2020-02-21,0.9656992285385755,0.157536,-0.8340592285385755,-0.8081632285385755
2020-02-24,1.2390935306819166,0.226584,-1.1124285306819166,-1.0125095306819167
2020-02-25,1.2932684384799058,0.274449,-1.1215574384799059,-1.0188194384799059
2020-02-26,1.2932684384799058,0.24540299999999998,-1.1412894384799057,-1.0478654384799058
2020-02-27,1.4148470106312072,0.346989,-1.2706480106312072,-1.0678580106312072
2020-02-28,1.5521741024912263,0.422369,-1.3880001024912263,-1.1298051024912263
2020-03-02,1.5584735103747134,0.361186,-1.3869315103747133,-1.1972875103747134
2020-03-03,1.5811513787552673,0.33453200000000005,-1.4183143787552672,-1.2466193787552673
2020-03-04,1.6139082997494003,0.29756499999999997,-1.4689372997494003,-1.3163432997494002
2020-03-05,1.6094987142309591,0.331404,-1.473446714230959,-1.278094714230959
2020-03-06,1.6926508982929893,0.430212,-1.5627618982929894,-1.2624388982929893
2020-03-09,2.287944943282522,0.540993,-2.154703943282522,-1.746951943282522
2020-03-10,2.2803856538223375,0.538031,-2.1433516538223376,-1.7423546538223373
2020-03-11,2.283535357764081,0.537615,-2.154334357764081,-1.7459203577640812
2020-03-12,3.2712825138948616,0.7151959999999999,-3.1467565138948617,-2.5560865138948614
2020-03-13,3.2983699677938563,0.743321,-3.1658939677938562,-2.5550489677938564
2020-03-16,3.3311268887879892,0.8562059999999999,-3.200501888787989,-2.4749208887879894
2020-03-17,3.4111293689082753,0.772625,-3.2814753689082754,-2.638504368908275
2020-03-18,3.4873522042984697,0.847969,-3.3489212042984695,-2.6393832042984697
2020-03-19,3.5774337370323357,0.7834610000000001,-3.4486047370323356,-2.7939727370323357
2020-03-20,3.706571598643822,0.682146,-3.565671598643822,-3.024425598643822
2020-03-23,3.686413493416663,0.6442829999999999,-3.528877493416663,-3.0421304934166633
2020-03-24,4.153199617583058,0.525304,-3.9266156175830584,-3.627895617583058
2020-03-25,4.228162571396555,0.571305,-3.953713571396555,-3.6568575713965554
2020-03-26,4.2571398476605955,0.543148,-4.011736847660596,-3.7139918476605955
2020-03-27,4.291156650231427,0.6099479999999999,-3.944167650231427,-3.6812086502314267
2020-03-30,4.3157243409770265,0.5563239999999999,-3.8933553409770267,-3.7594003409770265
2020-03-31,4.316354281765374,0.48592599999999997,-3.955168281765374,-3.830428281765374
2020-04-01,4.3478513211828105,0.511408,-4.01331932118281,-3.8364433211828106
2020-04-02,4.356040551431344,0.499156,-4.058475551431345,-3.856884551431344
2020-04-03,4.31887404491877,0.458806,-3.98747004491877,-3.86006804491877
2020-04-06,4.456831077567138,0.430301,-4.026619077567138,-4.026530077567138
2020-04-07,4.490217939349619,0.46287100000000003,-3.949224939349619,-4.027346939349619
2020-04-08,4.4599807815088806,0.452972,-3.9219497815088804,-4.007008781508881
2020-04-09,4.43604303155163,0.447106,-3.8984280315516306,-3.9889370315516306
2020-04-14,4.44108255785842,0.40476799999999996,-3.72588655785842,-4.03631455785842
2020-04-15,4.475729301217599,0.44957500000000006,-3.732408301217599,-4.026154301217598
2020-04-16,4.4599807815088806,0.43262300000000004,-3.6037747815088808,-4.02735778150888
2020-04-17,4.499037110386501,0.41201,-3.726412110386501,-4.087027110386501
2020-04-20,4.453051432837045,0.412975,-3.6050824328370448,-4.040076432837044
2020-04-21,4.20611464380435,0.482215,-3.4226536438043498,-3.7238996438043497
2020-04-22,4.208634406957745,0.439569,-3.526488406957745,-3.7690654069577447
2020-04-23,4.210524229322791,0.403534,-3.5662412293227916,-3.8069902293227913
2020-04-24,3.3519149348034967,0.401744,-2.8266109348034965,-2.950170934803497
2020-04-27,3.370813158453958,0.347193,-2.799508158453958,-3.023620158453958
2020-04-28,3.184350685102739,0.33012,-2.6412026851027393,-2.8542306851027393
2020-04-29,3.158523112780442,0.307205,-2.5485751127804424,-2.851318112780442
2020-04-30,2.9537923565671105,0.339105,-2.3974683565671104,-2.6146873565671105
2020-05-01,2.9273348434564648,,-2.4414088434564647,
2020-05-04,2.977730106524362,0.38322,-2.466322106524362,-2.594510106524362
2020-05-05,2.9418234815884854,0.345055,-2.4426674815884852,-2.5967684815884855
2020-05-06,2.463068482443464,0.34807499999999997,-2.004262482443464,-2.114993482443464
2020-05-07,2.407633693068777,0.324312,-1.9773326930687771,-2.0833216930687772
2020-05-08,2.3937749957251055,0.296643,-1.9309039957251055,-2.0971319957251056
2020-05-11,2.246998792039856,0.299068,-1.794026792039856,-1.9479307920398559
2020-05-12,2.235659857849579,0.27669699999999997,-1.788553857849579,-1.958962857849579
2020-05-13,2.290464706435917,0.33419600000000005,-1.885696706435917,-1.956268706435917
2020-05-14,2.189674180300123,0.363219,-1.740099180300123,-1.826455180300123
2020-05-15,2.189674180300123,0.34470599999999996,-1.757051180300123,-1.844968180300123
2020-05-18,2.3629078970960187,0.290582,-1.9508978970960187,-2.0723258970960186
2020-05-19,2.189674180300123,0.301699,-1.776699180300123,-1.887975180300123
2020-05-20,2.1669963119195694,0.291093,-1.6847813119195694,-1.8759033119195694
2020-05-21,2.18148495005159,0.32315,-1.74191595005159,-1.85833495005159
2020-05-22,2.165106489554523,0.314161,-1.7615724895545228,-1.850945489554523
2020-05-25,2.200383173702051,0.291565,-1.798639173702051,-1.9088181737020509
2020-05-26,2.069355489725519,0.280385,-1.7221624897255192,-1.7889704897255192
2020-05-27,2.0882537133759804,0.293988,-1.7581337133759805,-1.7942657133759803
2020-05-28,2.0485674437100116,0.290063,-1.7413624437100117,-1.7585044437100117
2020-05-29,2.0699854305138676,0.311263,-1.7308804305138676,-1.7587224305138676
2020-06-01,1.894231950564577,0.30099,,-1.5932419505645772
2020-06-02,1.9295086347121049,0.30678,-1.5462886347121048,-1.6227286347121048
2020-06-03,2.013920700350832,0.296082,-1.6688657003508323,-1.7178387003508322
2020-06-04,1.9811637793566992,0.276617,-1.6330887793566993,-1.7045467793566993
2020-06-05,2.0347087463663396,0.27890899999999996,-1.7103967463663396,-1.7557997463663395
2020-06-08,2.0315590424245964,0.28119700000000003,-1.7349160424245964,-1.7503620424245963
2020-06-09,2.032818924001294,0.297453,-1.7337509240012938,-1.735365924001294
2020-06-10,1.9799038977800019,0.300524,-1.703206897780002,-1.6793798977800019
2020-06-11,2.19597358818361,0.360215,-1.8617775881836103,-1.8357585881836103
2020-06-12,2.042897976614873,0.414116,-1.679678976614873,-1.628781976614873
2020-06-15,2.022739871387714,0.384135,-1.678033871387714,-1.638604871387714
2020-06-16,2.080694423915796,0.36097700000000005,-1.790112423915796,-1.719717423915796
2020-06-17,2.0750249568206574,0.353603,-1.7733259568206574,-1.7214219568206572
2020-06-18,2.080694423915796,0.350461,-1.789601423915796,-1.730233423915796
2020-06-19,2.0668357265721244,0.322142,-1.7436857265721244,-1.7446937265721245
2020-06-22,2.079434542339098,0.33781,-1.7652735423390982,-1.7416245423390981
2020-06-23,2.0095111148323914,0.313419,-1.7179461148323913,-1.6960921148323913
2020-06-24,2.0832141870691907,0.368071,-1.8028291870691908,-1.7151431870691907
2020-06-25,2.0832141870691907,0.346839,-1.7892261870691906,-1.7363751870691906
2020-06-26,1.8992714768713665,0.35173499999999996,-1.6092084768713666,-1.5475364768713666
2020-06-29,1.8973816545063207,0.34492199999999995,-1.5861186545063206,-1.5524596545063207
2020-06-30,1.8885624834694386,0.317179,-1.5875724834694385,-1.5713834834694387
2020-07-01,1.8652546743005363,0.301305,-1.5584746743005362,-1.5639496743005363
2020-07-02,1.9187996413101769,0.275942,-1.622717641310177,-1.6428576413101768
2020-07-03,1.8999014176597155,0.282699,-1.6232844176597157,-1.6172024176597155
2020-07-06,1.913760115003387,0.276015,-1.634851115003387,-1.637745115003387
2020-07-07,1.9087205886965974,0.279345,-1.6275235886965973,-1.6293755886965975
2020-07-08,1.9125002334266896,0.295725,-1.6150472334266897,-1.6167752334266896
2020-07-09,1.8954918321412744,0.304505,-1.5949678321412744,-1.5909868321412743
2020-07-10,1.8980115952946692,0.28427600000000003,-1.5377965952946693,-1.6137355952946693
2020-07-13,1.861475029570444,0.27135200000000004,-1.4473590295704442,-1.590123029570444
2020-07-14,1.7594246218579526,0.28927800000000004,-1.3752896218579527,-1.4701466218579524
2020-07-15,1.78525219418025,0.27572399999999997,-1.4242751941802498,-1.50952819418025
2020-07-16,1.645405339166836,0.268067,-1.291802339166836,-1.377338339166836
2020-07-17,1.6422556352250923,0.255762,-1.2917946352250924,-1.3864936352250923
2020-07-20,1.6246172931513283,0.24211200000000002,-1.3024752931513284,-1.3825052931513282
2020-07-21,1.617058003691144,0.234879,-1.279248003691144,-1.3821790036911439
2020-07-22,1.347443346277895,0.24212299999999998,-1.0340243462778949,-1.105320346277895
2020-07-23,1.3480732870662435,0.233144,-0.9800022870662435,-1.1149292870662435
2020-07-24,1.395318846192397,0.25577300000000003,-1.048479846192397,-1.139545846192397
2020-07-27,1.2542121096022856,0.25238,-0.9024771096022857,-1.0018321096022855
2020-07-28,1.2472827609304498,0.243987,-0.9023607609304498,-1.0032957609304498
2020-07-29,1.24224323462366,0.242316,-0.92506423462366,-0.9999272346236601
2020-07-30,1.3505930502196386,0.28024,-1.0492880502196387,-1.0703530502196386
2020-07-31,1.3556325765264283,0.266625,-1.0796905765264282,-1.0890075765264284
2020-08-03,1.3871296159438637,0.257571,-1.1044306159438637,-1.1295586159438638
2020-08-04,1.2472827609304498,0.25087,-0.9712677609304498,-0.9964127609304498
2020-08-05,1.2428731754120088,0.239421,-0.9635281754120089,-1.0034521754120087
2020-08-06,1.251062405660542,0.249371,-0.9553374056605419,-1.001691405660542
2020-08-07,1.2428731754120088,0.241977,-0.9383681754120088,-1.000896175412009
2020-08-10,1.2428731754120088,0.241127,-0.9585971754120088,-1.0017461754120087
2020-08-11,1.3077570766119262,0.233863,-1.0364050766119262,-1.0738940766119263
2020-08-12,1.2101162544178758,0.224674,-0.9208382544178758,-0.9854422544178758
2020-08-13,1.205706668899435,0.22691,-0.9299826688994349,-0.978796668899435
2020-08-14,1.1830288005188812,0.238671,-0.9149618005188811,-0.9443578005188812
2020-08-17,1.172319807116953,0.227835,-0.9165578071169529,-0.9444848071169529
2020-08-18,1.1578311689849325,0.23268999999999998,-0.9157191689849326,-0.9251411689849326
2020-08-19,1.1584611097732815,0.219882,-0.9235821097732815,-0.9385791097732815
2020-08-20,1.1698000439635583,0.24035399999999998,-0.9276770439635583,-0.9294460439635583
2020-08-21,1.126964070355846,0.24337499999999998,-0.8938200703558459,-0.8835890703558459
2020-08-24,1.1949976754975067,0.231101,-0.9392246754975067,-0.9638966754975067
2020-08-25,1.148382057159702,0.233594,-0.896002057159702,-0.9147880571597021
2020-08-26,1.1578311689849325,0.22001300000000001,-0.9138441689849326,-0.9378181689849325
2020-08-27,1.1666503400218147,0.235584,-0.9243343400218147,-0.9310663400218147
2020-08-28,1.1609808729266762,0.251579,-0.8807408729266761,-0.9094018729266762
2020-08-31,1.1779892742120914,0.267213,-0.9113642742120914,-0.9107762742120915
2020-09-01,1.1660203992334661,0.271192,-0.9084493992334661,-0.8948283992334661
2020-09-02,1.2208252478198038,0.266145,-0.9699552478198039,-0.9546802478198038
2020-09-03,1.1861785044606246,0.290121,-0.9467575044606246,-0.8960575044606245
2020-09-04,1.2113761359945732,0.317117,-0.9620051359945732,-0.8942591359945732
2020-09-07,1.2523222872372395,0.27922,-1.0103452872372394,-0.9731022872372395
2020-09-08,1.2806696227129315,0.284501,-1.0395426227129314,-0.9961686227129315
2020-09-09,1.2012970833809937,0.258888,-0.9674340833809938,-0.9424090833809937
2020-09-10,1.1830288005188812,0.250052,-0.9583548005188811,-0.9329768005188812
2020-09-11,1.1055460835519897,0.23724900000000002,-0.8786360835519897,-0.8682970835519896
2020-09-14,1.1055460835519897,0.22568200000000002,-0.8668750835519897,-0.8798640835519896
2020-09-15,1.1055460835519897,0.22115500000000002,-0.8777110835519897,-0.8843910835519897
2020-09-16,1.0910574454199693,0.21992699999999998,-0.8583674454199693,-0.8711304454199693
2020-09-17,1.0992466756685024,0.225468,-0.8793646756685024,-0.8737786756685024
2020-09-18,1.1168850177422665,0.226496,-0.8765310177422665,-0.8903890177422664
2020-09-21,1.2529522280255883,0.298809,-1.0095772280255884,-0.9541432280255883
2020-09-22,1.2353138859518242,0.281097,-1.0042128859518242,-0.9542168859518243
2020-09-23,1.2397234714702652,0.271669,-1.006129471470265,-0.9680544714702652
2020-09-24,1.2290144780683372,0.283437,-1.0090014780683372,-0.9455774780683373
2020-09-25,1.233424063586778,0.278075,-0.9978400635867779,-0.9553490635867778
2020-09-28,1.3461834647011977,0.268241,-1.0946044647011977,-1.0779424647011977
2020-09-29,1.3342145897225721,0.269026,-1.0670015897225722,-1.0651885897225721
2020-09-30,1.3178361292255056,0.260598,-1.0466441292255055,-1.0572381292255058
2020-10-01,1.3159463068604595,0.265374,-1.0498013068604595,-1.0505723068604595
2020-10-02,1.240353412258614,0.268168,-0.9502324122586139,-0.972185412258614
2020-10-05,1.2561019319673319,0.26276299999999997,-0.9389849319673319,-0.9933389319673319
2020-10-06,1.2472827609304498,0.252128,-0.9680627609304497,-0.9951547609304497
2020-10-07,1.2416132938353115,0.249744,-0.9571122938353115,-0.9918692938353115
2020-10-08,1.2479127017187983,0.2398,-0.9890247017187983,-1.0081127017187983
2020-10-09,1.2283845372799884,0.22236899999999998,-0.9783325372799885,-1.0060155372799884
2020-10-12,1.2365737675285216,0.222531,-0.9993247675285215,-1.0140427675285215
2020-10-13,1.189958149190717,0.229397,-0.9642761491907169,-0.960561149190717
2020-10-14,1.1760994518470453,0.232425,-0.9549444518470454,-0.9436744518470453
2020-10-15,1.2416132938353115,0.268422,-1.0216862938353115,-0.9731912938353116
2020-10-16,1.24224323462366,0.25316500000000003,-1.01677523462366,-0.98907823462366
2020-10-19,1.2145258399363168,0.26618600000000003,-0.9880298399363168,-0.9483398399363168
2020-10-20,1.1660203992334661,0.276293,-0.8672113992334661,-0.8897273992334661
2020-10-21,1.1937377939208091,0.29448799999999997,-0.9126407939208092,-0.8992497939208092
2020-10-22,1.1931078531324606,0.289879,-0.9214388531324607,-0.9032288531324606
2020-10-23,1.2082264320528295,0.28157,-0.9247894320528296,-0.9266564320528295
2020-10-26,1.3153163660721106,0.31755700000000003,-1.0372413660721105,-0.9977593660721105
2020-10-27,1.3222457147439464,0.327397,-1.0540047147439464,-0.9948487147439464
2020-10-28,1.4576829842389196,0.38258699999999995,-1.1886569842389196,-1.0750959842389196
2020-10-29,1.4532733987204787,0.37550400000000006,-1.1926753987204788,-1.0777693987204786
2020-10-30,1.288228912173116,0.353472,-1.022854912173116,-0.9347569121731161
2020-11-02,1.3568924581031256,0.35233,-1.0887244581031257,-1.0045624581031256
2020-11-03,1.4488638132020377,0.32763,-1.1861008132020379,-1.1212338132020379
2020-11-04,1.496109372328191,0.280023,-1.2439813723281912,-1.2160863723281912
2020-11-05,1.522566885438837,0.263725,-1.272822885438837,-1.258841885438837
2020-11-06,1.4356350566467146,0.256153,-1.1958350566467146,-1.1794820566467146
2020-11-09,1.848246273015121,0.23863099999999998,-1.625877273015121,-1.609615273015121
2020-11-10,1.8469863914384237,0.250803,-1.6244553914384237,-1.5961833914384238
2020-11-11,1.848246273015121,0.231256,-1.618849273015121,-1.616990273015121
2020-11-12,1.8665145558772336,0.23302299999999998,-1.6340895558772335,-1.6334915558772336
2020-11-13,1.8621049703587926,0.231431,-1.5936829703587927,-1.6306739703587927
2020-11-16,1.8671444966655824,0.223849,-1.6139794966655823,-1.6432954966655824
2020-11-17,1.8671444966655824,0.222529,-1.6009584966655823,-1.6446154966655824
2020-11-18,1.8652546743005363,0.209029,-1.5889616743005361,-1.6562256743005364
2020-11-19,1.8759636677024645,0.219714,-1.5814756677024646,-1.6562496677024645
2020-11-20,1.8728139637607208,0.214393,-1.5829349637607208,-1.6584209637607208
2020-11-23,1.86840437824228,0.224894,-1.5868343782422798,-1.64351037824228
2020-11-24,1.8784834308558593,0.213674,-1.5609264308558592,-1.6648094308558594
2020-11-25,1.8016306546773164,0.207778,-1.4742336546773165,-1.5938526546773164
2020-11-26,1.7839923126035524,0.202346,-1.4014053126035524,-1.5816463126035525
2020-11-27,1.782732431026855,0.20078800000000002,-1.407228431026855,-1.5819444310268551
2020-11-30,1.7947013060054804,0.229149,-1.4412293060054804,-1.5655523060054803
2020-12-01,1.7657240297414398,0.213014,-1.4133940297414398,-1.5527100297414398
2020-12-02,1.7632042665880447,0.21694,-1.4355742665880449,-1.5462642665880448
2020-12-03,1.7625743257996962,0.213172,-1.482551325799696,-1.5494023257996963
2020-12-04,1.6409957536483948,0.208186,-1.3772707536483948,-1.4328097536483948
2020-12-07,1.6189478260561898,0.21435500000000002,-1.3627948260561897,-1.4045928260561897
2020-12-08,1.4211464185146943,0.205353,-1.1825154185146942,-1.2157934185146941
2020-12-09,1.4179967145729508,0.200186,-1.1671937145729507,-1.2178107145729509
2020-12-10,1.4205164777263457,0.206617,-1.1892604777263458,-1.2138994777263457
2020-12-11,1.4236661816680893,0.236144,-1.1906431816680894,-1.1875221816680894
2020-12-14,1.3638218067749615,0.22521000000000002,-1.1323908067749615,-1.1386118067749615
2020-12-15,1.3291750634157824,0.217301,-1.1053260634157824,-1.1118740634157824
2020-12-16,1.3046073726701826,0.211372,-1.0820783726701826,-1.0932353726701827
2020-12-17,1.2976780239983468,0.20509899999999998,-1.0886490239983468,-1.0925790239983468
2020-12-18,0.6406497817506401,0.216252,-0.42093578175064017,-0.42439778175064014
2020-12-21,0.822702669583418,0.27264099999999997,-0.608309669583418,-0.550061669583418
2020-12-22,0.8541997090008535,0.25206700000000004,-0.6293057090008535,-0.6021327090008535
2020-12-23,0.8497901234824126,0.231531,-0.6361161234824125,-0.6182591234824126
2020-12-24,0.8497901234824126,,-0.6420121234824125,
2020-12-28,0.8466404195406689,0.217054,-0.6442944195406689,-0.629586419540669
2020-12-29,0.8466404195406689,0.223828,-0.645852419540669,-0.6228124195406689
2020-12-30,0.8479003011173665,0.23369,-0.6187513011173664,-0.6142103011173665
2020-12-31,0.8359314261387408,,-0.6229174261387408,
2021-01-04,0.8346715445620434,0.248416,-0.6177315445620434,-0.5862555445620434
2021-01-05,0.8403410116571818,0.251986,-0.6271690116571818,-0.5883550116571818
2021-01-06,0.8699482287095713,0.214423,-0.6617622287095714,-0.6555252287095713
2021-01-07,0.87057816949792,0.210154,-0.6562231694979199,-0.66042416949792
2021-01-08,0.8756176958047097,0.205276,-0.6702646958047097,-0.6703416958047097
2021-01-11,0.8856967484182892,0.21979700000000002,-0.6855107484182892,-0.6658997484182891
2021-01-12,0.8623889392493868,0.219516,-0.6557719392493868,-0.6428729392493868
2021-01-13,0.8472703603290176,0.21093699999999999,-0.6111263603290176,-0.6363333603290175
2021-01-14,0.8535697682125049,0.196932,-0.6283597682125048,-0.6566377682125049
2021-01-15,0.8856967484182892,0.224344,-0.6683957484182892,-0.6613527484182892
2021-01-18,0.879397340534802,0.21947299999999997,-0.668025340534802,-0.6599243405348021
2021-01-19,0.8787673997464532,0.21749,-0.6736683997464532,-0.6612773997464533
2021-01-20,0.8888464523600326,0.202772,-0.6725944523600326,-0.6860744523600326
2021-01-21,0.8901063339367301,0.19936199999999998,-0.6174653339367302,-0.6907443339367301
2021-01-22,0.8938859786668223,0.21317,-0.6418189786668222,-0.6807159786668223
2021-01-25,0.9115243207405863,0.260059,-0.6799933207405864,-0.6514653207405863
2021-01-26,0.9291626628143502,0.230994,,-0.6981686628143502
2021-01-27,0.9770381627288524,0.267698,-0.7599841627288524,-0.7093401627288524
2021-01-28,0.9764082219405036,0.259287,-0.7525802219405036,-0.7171212219405037
2021-01-29,1.0526310573306978,0.290082,-0.8189410573306979,-0.7625490573306979
2021-02-01,1.0866478599015281,0.273261,,-0.8133868599015281
2021-02-02,0.9896369784958267,0.240219,-0.7412209784958267,-0.7494179784958267
2021-02-03,0.9619195838084832,0.227195,-0.7099335838084833,-0.7347245838084832
2021-02-04,0.9512105904065551,0.21372699999999997,-0.7367875904065551,-0.7374835904065551
2021-02-05,0.9524704719832525,0.20643599999999998,-0.7423164719832525,-0.7460344719832526
2021-02-08,0.940501597004627,0.204375,-0.735225597004627,-0.736126597004627
2021-02-09,0.9411315377929758,0.211232,-0.7213345377929757,-0.7298995377929758
2021-02-10,0.9423914193696732,0.22467800000000002,-0.7228754193696731,-0.7177134193696731
2021-02-11,0.940501597004627,0.21208200000000002,-0.729564597004627,-0.728419597004627
2021-02-12,0.944911182523068,0.200616,-0.747979182523068,-0.744295182523068
2021-02-15,0.9531004127716013,0.201531,-0.7287564127716013,-0.7515694127716013
2021-02-16,0.9033350904920531,0.209294,-0.6838620904920532,-0.6940410904920531
2021-02-17,0.9153039654706785,0.21829,-0.6978139654706785,-0.6970139654706785
2021-02-18,0.9153039654706785,0.225234,-0.7125319654706785,-0.6900699654706786
2021-02-19,0.9178237286240735,0.204844,-0.7184617286240735,-0.7129797286240734
2021-02-22,0.9197135509891196,0.21693400000000002,-0.7065435509891196,-0.7027795509891195
2021-02-23,0.9222333141425144,0.231325,-0.6621743141425145,-0.6909083141425144
2021-02-24,0.9178237286240735,0.21425799999999998,-0.6868297286240734,-0.7035657286240735
2021-02-25,0.8951458602435198,0.220962,-0.6274478602435198,-0.6741838602435198
2021-02-26,0.93420218912114,0.268632,-0.67491518912114,-0.66557018912114
2021-03-01,0.9978262087443598,0.221594,-0.7077442087443597,-0.7762322087443598
2021-03-02,0.9883770969191291,0.21813400000000002,-0.7151160969191291,-0.7702430969191291
2021-03-03,0.9877471561307805,0.21695599999999998,-0.7475281561307805,-0.7707911561307805
2021-03-04,0.9839675114006882,0.220916,-0.7567725114006881,-0.7630515114006882
2021-03-05,0.9638094061735294,0.250782,-0.7500824061735294,-0.7130274061735293
2021-03-08,1.0507412349656515,0.208952,-0.8443052349656516,-0.8417892349656515
2021-03-09,0.9965663271676625,0.202608,-0.7921913271676625,-0.7939583271676625
2021-03-10,1.0022357942628008,0.196671,-0.7910037942628009,-0.8055647942628008
2021-03-11,0.8882165115716839,0.18884599999999999,-0.6635385115716839,-0.699370511571684
2021-03-12,0.8718380510746174,0.187087,-0.6597560510746174,-0.6847510510746174
2021-03-15,0.8302619590436024,0.186234,-0.6296459590436024,-0.6440279590436024
2021-03-16,0.8308918998319511,0.175488,-0.6293608998319511,-0.6554038998319511
2021-03-17,0.8214427880067204,0.175706,-0.6121487880067205,-0.6457367880067204
2021-03-18,0.822702669583418,0.174622,-0.604412669583418,-0.648080669583418
2021-03-19,0.8428607748105768,0.18395,-0.6176267748105768,-0.6589107748105767
2021-03-22,0.8428607748105768,0.176826,-0.6380167748105767,-0.6660347748105767
2021-03-23,0.8390811300804845,0.17596399999999998,-0.6221471300804844,-0.6631171300804845
2021-03-24,0.8340416037736947,0.177712,-0.6027166037736947,-0.6563296037736948
2021-03-25,0.829002077466905,0.188836,-0.6147440774669051,-0.640166077466905
2021-03-26,0.8233326103717666,0.17112,-0.6023706103717666,-0.6522126103717667
2021-03-29,0.822702669583418,0.18347999999999998,-0.554070669583418,-0.639222669583418
2021-03-30,0.8245924919484641,0.184722,-0.6029984919484641,-0.6398704919484641
2021-03-31,0.8164032616999308,0.17974199999999999,-0.5982692616999308,-0.6366612616999309
2021-04-01,0.8113637353931411,0.16895600000000002,-0.5944077353931412,-0.6424077353931411
2021-04-06,0.8063242090863514,0.171057,-0.5854082090863514,-0.6352672090863514
2021-04-07,0.8082140314513975,0.16664500000000002,-0.5574320314513974,-0.6415690314513974
2021-04-08,0.8088439722397462,0.161602,-0.5998919722397462,-0.6472419722397462
2021-04-09,0.7949852748960745,0.161768,-0.5923772748960745,-0.6332172748960745
2021-04-12,0.7445900118281776,0.170514,-0.5479190118281776,-0.5740760118281776
2021-04-13,0.6740366435331218,0.16308599999999998,-0.4851906435331218,-0.5109506435331218
2021-04-14,0.6734067027447731,0.16190300000000002,-0.4863197027447731,-0.5115037027447731
2021-04-15,0.6740366435331218,0.157081,-0.48780264353312175,-0.5169556435331217
2021-04-16,0.6809659922049577,0.161131,-0.5054779922049577,-0.5198349922049577
2021-04-19,0.6482090712108246,0.172101,-0.4725030712108246,-0.4761080712108246
2021-04-20,0.6412797225389888,0.21079699999999998,-0.4666577225389888,-0.4304827225389888
2021-04-21,0.6513587751525682,0.192813,-0.46740877515256823,-0.4585457751525682
2021-04-22,0.6545084790943119,0.177562,-0.47768247909431183,-0.47694647909431187
2021-04-23,0.6482090712108246,0.18188300000000002,-0.4722450712108246,-0.4663260712108246
2021-04-26,0.6419096633273376,0.18284099999999998,-0.4641976633273376,-0.4590686633273376
2021-04-27,0.6444294264807324,0.192123,-0.4555934264807324,-0.45230642648073244
2021-04-28,0.6400198409622914,0.18377,-0.46889984096229137,-0.4562498409622914
2021-04-29,0.6488390119991734,0.188768,-0.4653590119991734,-0.4600710119991734
2021-04-30,0.658288123824404,0.206309,-0.47356612382440405,-0.4519791238244041
2021-05-03,0.6419096633273376,0.199314,-0.4621676633273376,-0.4425956633273376
2021-05-04,0.7489995973466186,0.228185,-0.5800435973466186,-0.5208145973466186
2021-05-05,0.8271122551018589,0.199042,-0.6560552551018589,-0.6280702551018589
2021-05-06,0.8283721366785564,0.203775,-0.6617271366785563,-0.6245971366785563
2021-05-07,0.8384511892921357,0.183838,-0.6768491892921357,-0.6546131892921356
2021-05-10,0.8308918998319511,0.185019,-0.6691238998319511,-0.6458728998319512
2021-05-11,0.9159339062590273,0.22557300000000002,-0.7454199062590272,-0.6903609062590272
2021-05-12,0.892626097090125,0.23938700000000002,-0.729540097090125,-0.653239097090125
2021-05-13,0.8919961563017762,0.23349799999999998,-0.7300931563017762,-0.6584981563017762
2021-05-14,0.9348321299094886,0.195457,-0.7777511299094886,-0.7393751299094886
2021-05-17,0.9297926036026989,0.218052,-0.7686616036026989,-0.7117406036026989
2021-05-18,0.9272728404493041,0.213082,-0.7551718404493042,-0.7141908404493041
2021-05-19,0.9795579258822472,0.244802,-0.7687609258822472,-0.7347559258822473
2021-05-20,1.0268034850084007,0.221023,-0.8339904850084007,-0.8057804850084007
2021-05-21,1.0293232481617953,0.203521,-0.8517612481617953,-0.8258022481617953
2021-05-24,1.0299531889501443,0.192364,-0.8480701889501443,-0.8375891889501443
2021-05-25,1.0293232481617953,0.190816,-0.8464822481617953,-0.8385072481617953
2021-05-26,1.0274334257967492,0.18282299999999999,-0.8353104257967492,-0.8446104257967493
2021-05-27,1.0110549652996828,0.17822700000000002,-0.8272849652996828,-0.8328279652996827
2021-05-28,1.0186142547598673,0.171662,-0.8298462547598673,-0.8469522547598674
2021-05-31,0.9524704719832525,0.19098099999999998,-0.7461614719832526,-0.7614894719832526
2021-06-01,0.949320768041509,0.187726,-0.750006768041509,-0.7615947680415089
2021-06-02,0.936092011486186,0.178481,-0.7079070114861861,-0.757611011486186
2021-06-03,0.9373518930628836,0.182446,-0.7383098930628835,-0.7549058930628836
2021-06-04,0.9379818338512322,0.17376000000000003,-0.7342068338512322,-0.7642218338512322
2021-06-07,0.9367219522745347,0.17711,-0.7528839522745348,-0.7596119522745347
2021-06-08,0.9367219522745347,0.177247,-0.7517029522745347,-0.7594749522745348
2021-06-09,0.9310524851793963,0.17232199999999998,-0.7054794851793963,-0.7587304851793963
2021-06-10,0.9228632549308631,0.16656500000000002,-0.6834762549308631,-0.756298254930863
2021-06-11,0.9253830180842579,0.151511,-0.691885018084258,-0.773872018084258
2021-06-14,0.837821248503787,0.16049499999999997,-0.642364248503787,-0.6773262485037871
2021-06-15,0.7622283539019415,0.164055,-0.5441763539019415,-0.5981733539019416
2021-06-16,0.7609684723252441,0.161772,-0.5478864723252441,-0.5991964723252441
2021-06-17,0.7477397157699212,0.170804,-0.5029377157699212,-0.5769357157699211
2021-06-18,0.8283721366785564,0.207634,-0.6073491366785564,-0.6207381366785564
2021-06-21,0.7395504855213879,0.194847,-0.5360294855213878,-0.5447034855213879
2021-06-22,0.7395504855213879,0.175733,-0.5471864855213879,-0.5638174855213879
2021-06-23,0.7792367551873567,0.18549,-0.5884207551873567,-0.5937467551873568
2021-06-24,0.7483696565582699,0.173518,-0.56554665655827,-0.57485165655827
2021-06-25,0.7458498934048751,0.16682300000000003,-0.567622893404875,-0.579026893404875
2021-06-28,0.7622283539019415,0.17645499999999997,-0.5905663539019416,-0.5857733539019416
2021-06-29,0.6790761698399115,0.169495,-0.4880951698399115,-0.5095811698399115
2021-06-30,0.6545084790943119,0.18184899999999998,-0.46678247909431186,-0.4726594790943119
2021-07-01,0.6469491896341272,0.177267,-0.4684681896341272,-0.46968218963412717
2021-07-02,0.6463192488457785,0.165747,-0.4638732488457785,-0.48057224884577854
2021-07-05,0.6463192488457785,0.167545,-0.4725592488457785,-0.4787742488457785
2021-07-06,0.6677372356496347,0.181255,-0.49062723564963473,-0.4864822356496347
2021-07-07,0.6771863474748654,0.17316800000000002,-0.4999393474748654,-0.5040183474748654
2021-07-08,0.7767169920339619,0.199652,-0.604394992033962,-0.5770649920339619
2021-07-09,0.8479003011173665,0.17950600000000003,-0.6813353011173664,-0.6683943011173664
2021-07-12,0.8422308340222279,0.17952100000000001,-0.6907198340222278,-0.6627098340222278
2021-07-13,0.8390811300804845,0.17998899999999998,-0.6785861300804845,-0.6590921300804845
2021-07-14,0.837821248503787,0.176841,-0.673766248503787,-0.660980248503787
2021-07-15,0.8604991168843407,0.18642,-0.6987271168843406,-0.6740791168843406
2021-07-16,0.864278761614433,0.19453700000000002,-0.693474761614433,-0.669741761614433
2021-07-19,0.9971962679560111,0.254361,-0.7895622679560111,-0.7428352679560111
2021-07-20,1.0097950837229854,0.244923,-0.8149480837229854,-0.7648720837229854
2021-07-21,1.0702693994044616,0.21524100000000002,-0.8945363994044616,-0.8550283994044616
2021-07-22,1.0721592217695077,0.199131,-0.8866692217695078,-0.8730282217695078
2021-07-23,1.0986167348801539,0.17552700000000002,-0.9250987348801538,-0.9230897348801539
2021-07-26,1.0973568533034563,0.185323,-0.9305338533034563,-0.9120338533034563
2021-07-27,1.1093257282820819,0.213563,-0.9328707282820818,-0.8957627282820819
2021-07-28,1.124444307202451,0.19480899999999998,-0.9549493072024511,-0.929635307202451
2021-07-29,1.0721592217695077,0.192556,-0.8903102217695078,-0.8796032217695078
2021-07-30,1.0715292809811592,0.209392,-0.8942622809811591,-0.8621372809811592
2021-08-02,1.0778286888646462,0.19839500000000002,-0.9120816888646462,-0.8794336888646462
2021-08-03,1.0545208796957437,0.202233,-0.8869758796957437,-0.8522878796957437
2021-08-04,1.0394023007753748,0.19212900000000002,-0.8581473007753748,-0.8472733007753748
2021-08-05,1.0419220639287696,0.182492,-0.8687540639287696,-0.8594300639287696
2021-08-06,1.0318430113151902,0.17888300000000001,-0.8321910113151902,-0.8529600113151902
2021-08-09,1.0293232481617953,0.175508,-0.8498172481617953,-0.8538152481617953
2021-08-10,1.0066453797812418,0.17275200000000002,-0.8271243797812418,-0.8338933797812418
2021-08-11,1.0072753205695906,0.17038,-0.8272863205695906,-0.8368953205695906
2021-08-12,1.0097950837229854,0.161073,-0.8329540837229854,-0.8487220837229854
2021-08-13,1.0097950837229854,0.158002,-0.8233750837229854,-0.8517930837229855
2021-08-16,1.0034956758394982,0.18002500000000002,-0.8089586758394982,-0.8234706758394982
2021-08-17,0.9990860903210572,0.183901,-0.7447250903210572,-0.8151850903210572
2021-08-18,0.8995554457619607,0.184705,-0.6546324457619607,-0.7148504457619607
2021-08-19,0.8907362747250789,0.221296,-0.6754952747250789,-0.6694402747250789
2021-08-20,0.8894763931483813,0.201509,-0.6903453931483814,-0.6879673931483814
2021-08-23,0.8976656233969146,0.17894300000000002,-0.7221386233969146,-0.7187226233969146
2021-08-24,0.8976656233969146,0.180943,-0.7123426233969146,-0.7167226233969146
2021-08-25,0.87057816949792,0.17830200000000002,-0.65701516949792,-0.69227616949792
2021-08-26,0.8655386431911303,0.190944,-0.6707296431911303,-0.6745946431911303
2021-08-27,0.6721468211680757,0.17600300000000002,-0.47959082116807566,-0.49614382116807565
2021-08-30,0.66521747249624,0.17498000000000002,-0.45582547249623995,-0.49023747249623995
2021-08-31,0.592774281836138,0.187654,-0.394379281836138,-0.405120281836138
2021-09-01,0.5902545186827431,0.174679,-0.38802151868274315,-0.4155755186827431
2021-09-02,0.5505682490167744,0.169721,-0.3584392490167744,-0.38084724901677436
2021-09-03,0.5700964134555844,0.181919,-0.3876044134555844,-0.3881774134555844
2021-09-06,0.5631670647837486,0.17555099999999998,-0.38428406478374855,-0.38761606478374855
2021-09-07,0.5543478937468667,0.18600000000000003,-0.37883989374686666,-0.3683478937468666
2021-09-08,0.5990736897196252,0.204927,-0.42632168971962514,-0.3941466897196252
2021-09-09,0.5826952292225586,0.196412,-0.4123152292225586,-0.38628322922255853
2021-09-10,0.5726161766089792,0.20357,-0.4115431766089792,-0.3690461766089792
2021-09-13,0.577655702915769,0.20742899999999997,-0.419653702915769,-0.370226702915769
2021-09-14,0.5663167687254921,0.204635,-0.3862917687254921,-0.36168176872549207
2021-09-15,0.6003335712963225,0.216946,-0.4164325712963225,-0.3833875712963225
2021-09-16,0.6072629199681584,0.21651499999999999,-0.4225579199681584,-0.3907479199681584
2021-09-17,0.6324605515021068,0.231662,-0.4111645515021068,-0.40079855150210675
2021-09-20,0.7427001894631314,0.264695,-0.5411911894631314,-0.4780051894631314
2021-09-21,0.7842762814941464,0.255096,-0.6053332814941463,-0.5291802814941464
2021-09-22,0.8195529656416743,0.22807300000000003,-0.6386099656416744,-0.5914799656416743
2021-09-23,0.8472703603290176,0.206244,-0.6689683603290175,-0.6410263603290176
2021-09-24,0.8541997090008535,0.218467,-0.6632557090008535,-0.6357327090008535
2021-09-27,0.8548296497892022,0.208349,-0.6788266497892022,-0.6464806497892022
2021-09-28,0.9827076298239907,0.24894100000000002,-0.8077276298239907,-0.7337666298239907
2021-09-29,0.9474309456764628,0.239588,-0.7597769456764628,-0.7078429456764628
2021-09-30,0.9505806496182064,0.232428,-0.7759016496182064,-0.7181526496182065
2021-10-01,0.9392417154279297,0.24038900000000002,-0.7695207154279297,-0.6988527154279296
2021-10-04,0.9518405311949039,0.251857,-0.7699215311949039,-0.6999835311949039
2021-10-05,1.0142046692414264,0.222252,-0.8386536692414264,-0.7919526692414264
2021-10-06,1.0394023007753748,0.243318,-0.8534023007753747,-0.7960843007753747
2021-10-07,1.1168850177422665,0.210201,-0.9119580177422665,-0.9066840177422665
2021-10-08,1.1206646624723586,0.202799,-0.9242526624723586,-0.9178656624723587
2021-10-11,1.1206646624723586,0.201795,-0.9170946624723586,-0.9188696624723587
2021-10-12,1.1099556690704306,0.207442,-0.9025266690704307,-0.9025136690704306
