Dates,HIST_CALL_IMP_VOL,HIST_PUT_IMP_VOL,,,,,,
1/2/2017,16.77,16.77,,,,,,
1/3/2017,16.27,16.27,,,,,,
1/4/2017,15.54,15.54,,,,,,
1/5/2017,15.01,15.01,,,,,,
1/6/2017,14.33,14.33,,,,,,
1/9/2017,14.19,14.19,,,,,,
1/10/2017,13.91,13.91,,,,,,
1/11/2017,14.16,14.16,,,,,,
1/12/2017,14.72,14.72,,,,,,
1/13/2017,13.51,13.51,,,,,,
1/16/2017,13.95,13.95,,,,,,
1/17/2017,14.27,14.27,,,,,,
1/18/2017,13.44,13.44,,,,,,
1/19/2017,13.13,13.13,,,,,,
1/20/2017,12.39,12.39,,,,,,
1/23/2017,15.72,15.72,,,,,,
1/24/2017,15.27,15.27,,,,,,
1/25/2017,14.64,14.64,,,,,,
1/26/2017,14.78,14.78,,,,,,
1/27/2017,14.88,14.88,,,,,,
1/30/2017,15.82,15.82,,,,,,
1/31/2017,15.63,15.63,,,,,,
2/1/2017,15.05,15.05,,,,,,
2/2/2017,14.60,14.60,,,,,,
2/3/2017,13.67,13.67,,,,,,
2/6/2017,14.74,14.74,,,,,,
2/7/2017,15.06,15.06,,,,,,
2/8/2017,14.91,14.91,,,,,,
2/9/2017,13.45,13.45,,,,,,
2/10/2017,13.42,13.42,,,,,,
2/13/2017,12.88,12.88,,,,,,
2/14/2017,12.95,12.95,,,,,,
2/15/2017,13.12,13.12,,,,,,
2/16/2017,13.67,13.67,,,,,,
2/17/2017,13.11,13.11,,,,,,
2/20/2017,13.88,13.88,,,,,,
2/21/2017,13.50,13.50,,,,,,
2/22/2017,13.82,13.82,,,,,,
2/23/2017,14.35,14.35,,,,,,
2/24/2017,14.88,14.88,,,,,,
2/27/2017,14.70,14.70,,,,,,
2/28/2017,14.86,14.86,,,,,,
3/1/2017,14.11,14.11,,,,,,
3/2/2017,14.30,14.30,,,,,,
3/3/2017,14.11,14.11,,,,,,
3/6/2017,14.37,14.37,,,,,,
3/7/2017,13.88,13.88,,,,,,
3/8/2017,13.52,13.52,,,,,,
3/9/2017,13.69,13.69,,,,,,
3/10/2017,13.77,13.77,,,,,,
3/13/2017,14.00,14.00,,,,,,
3/14/2017,14.20,14.20,,,,,,
3/15/2017,13.90,13.90,,,,,,
3/16/2017,12.93,12.93,,,,,,
3/17/2017,12.32,12.32,,,,,,
3/20/2017,12.34,12.34,,,,,,
3/21/2017,12.83,12.83,,,,,,
3/22/2017,13.09,13.09,,,,,,
3/23/2017,17.88,17.88,,,,,,
3/24/2017,17.96,17.96,,,,,,
3/27/2017,18.44,18.44,,,,,,
3/28/2017,17.52,17.52,,,,,,
3/29/2017,17.51,17.51,,,,,,
3/30/2017,17.61,17.61,,,,,,
3/31/2017,17.54,17.54,,,,,,
4/3/2017,18.13,18.13,,,,,,
4/4/2017,17.65,17.65,,,,,,
4/5/2017,17.73,17.73,,,,,,
4/6/2017,17.96,17.96,,,,,,
4/7/2017,18.45,18.45,,,,,,
4/10/2017,20.58,20.58,,,,,,
4/11/2017,21.36,21.36,,,,,,
4/12/2017,21.04,21.04,,,,,,
4/13/2017,21.63,21.63,,,,,,
4/18/2017,23.57,23.57,,,,,,
4/19/2017,22.58,22.58,,,,,,
4/20/2017,22.93,22.93,,,,,,
4/21/2017,23.23,23.23,,,,,,
4/24/2017,14.39,14.39,,,,,,
4/25/2017,13.60,13.60,,,,,,
4/26/2017,13.18,13.18,,,,,,
4/27/2017,13.20,13.20,,,,,,
4/28/2017,13.73,13.73,,,,,,
5/2/2017,13.95,13.95,,,,,,
5/3/2017,13.93,13.93,,,,,,
5/4/2017,13.51,13.51,,,,,,
5/5/2017,13.73,13.73,,,,,,
5/8/2017,12.70,12.70,,,,,,
5/9/2017,12.56,12.56,,,,,,
5/10/2017,12.39,12.39,,,,,,
5/11/2017,12.41,12.41,,,,,,
5/12/2017,12.12,12.12,,,,,,
5/15/2017,12.22,12.22,,,,,,
5/16/2017,11.66,11.66,,,,,,
5/17/2017,13.70,13.70,,,,,,
5/18/2017,14.68,14.68,,,,,,
5/19/2017,13.20,13.20,,,,,,
5/22/2017,13.44,13.44,,,,,,
5/23/2017,12.67,12.67,,,,,,
5/24/2017,12.73,12.73,,,,,,
5/25/2017,12.71,12.71,,,,,,
5/26/2017,12.62,12.62,,,,,,
5/29/2017,12.83,12.83,,,,,,
5/30/2017,13.05,13.05,,,,,,
5/31/2017,13.03,13.03,,,,,,
6/1/2017,12.42,12.42,,,,,,
6/2/2017,11.99,11.99,,,,,,
6/5/2017,12.38,12.38,,,,,,
6/6/2017,12.84,12.84,,,,,,
6/7/2017,13.11,13.11,,,,,,
6/8/2017,12.60,12.60,,,,,,
6/9/2017,12.02,12.02,,,,,,
6/12/2017,12.98,12.98,,,,,,
6/13/2017,12.14,12.14,,,,,,
6/14/2017,12.14,12.14,,,,,,
6/15/2017,13.13,13.13,,,,,,
6/16/2017,12.12,12.12,,,,,,
6/19/2017,11.12,11.12,,,,,,
6/20/2017,11.83,11.83,,,,,,
6/21/2017,12.49,12.49,,,,,,
6/22/2017,12.42,12.42,,,,,,
6/23/2017,12.40,12.40,,,,,,
6/26/2017,12.27,12.27,,,,,,
6/27/2017,13.10,13.10,,,,,,
6/28/2017,13.42,13.42,,,,,,
6/29/2017,15.59,15.59,,,,,,
6/30/2017,15.06,15.06,,,,,,
7/3/2017,13.24,13.24,,,,,,
7/4/2017,13.19,13.19,,,,,,
7/5/2017,13.38,13.38,,,,,,
7/6/2017,14.07,14.07,,,,,,
7/7/2017,13.89,13.89,,,,,,
7/10/2017,13.13,13.13,,,,,,
7/11/2017,13.17,13.17,,,,,,
7/12/2017,12.12,12.12,,,,,,
7/13/2017,11.69,11.69,,,,,,
7/14/2017,11.19,11.19,,,,,,
7/17/2017,10.91,10.91,,,,,,
7/18/2017,12.12,12.12,,,,,,
7/19/2017,11.54,11.54,,,,,,
7/20/2017,11.31,11.31,,,,,,
7/21/2017,12.80,12.80,,,,,,
7/24/2017,13.42,13.42,,,,,,
7/25/2017,12.33,12.33,,,,,,
7/26/2017,11.82,11.82,,,,,,
7/27/2017,11.72,11.72,,,,,,
7/28/2017,12.43,12.43,,,,,,
7/31/2017,12.42,12.42,,,,,,
8/1/2017,12.12,12.12,,,,,,
8/2/2017,12.34,12.34,,,,,,
8/3/2017,12.21,12.21,,,,,,
8/4/2017,11.56,11.56,,,,,,
8/7/2017,11.66,11.66,,,,,,
8/8/2017,11.34,11.34,,,,,,
8/9/2017,12.86,12.86,,,,,,
8/10/2017,15.75,15.75,,,,,,
8/11/2017,15.70,15.70,,,,,,
8/14/2017,12.91,12.91,,,,,,
8/15/2017,12.47,12.47,,,,,,
8/16/2017,11.96,11.96,,,,,,
8/17/2017,12.61,12.61,,,,,,
8/18/2017,14.18,14.18,,,,,,
8/21/2017,14.95,14.95,,,,,,
8/22/2017,13.84,13.84,,,,,,
8/23/2017,13.79,13.79,,,,,,
8/24/2017,13.44,13.44,,,,,,
8/25/2017,13.20,13.20,,,,,,
8/28/2017,13.59,13.59,,,,,,
8/29/2017,14.38,14.38,,,,,,
8/30/2017,13.89,13.89,,,,,,
8/31/2017,13.51,13.51,,,,,,
9/1/2017,12.27,12.27,,,,,,
9/4/2017,13.45,13.45,,,,,,
9/5/2017,13.70,13.70,,,,,,
9/6/2017,13.56,13.56,,,,,,
9/7/2017,12.64,12.64,,,,,,
9/8/2017,12.64,12.64,,,,,,
9/11/2017,11.61,11.61,,,,,,
9/12/2017,11.20,11.20,,,,,,
9/13/2017,10.63,10.63,,,,,,
9/14/2017,10.46,10.46,,,,,,
9/15/2017,10.30,10.30,,,,,,
9/18/2017,10.05,10.05,,,,,,
9/19/2017,9.65,9.65,,,,,,
9/20/2017,9.72,9.72,,,,,,
9/21/2017,9.19,9.19,,,,,,
9/22/2017,9.43,9.43,,,,,,
9/25/2017,11.35,11.35,,,,,,
9/26/2017,11.40,11.40,,,,,,
9/27/2017,11.15,11.15,,,,,,
9/28/2017,11.09,11.09,,,,,,
9/29/2017,10.87,10.87,,,,,,
10/2/2017,10.64,10.64,,,,,,
10/3/2017,10.46,10.46,,,,,,
10/4/2017,11.08,11.08,,,,,,
10/5/2017,10.38,10.38,,,,,,
10/6/2017,10.61,10.61,,,,,,
10/9/2017,10.77,10.77,,,,,,
10/10/2017,11.07,11.07,,,,,,
10/11/2017,10.55,10.55,,,,,,
10/12/2017,10.33,10.33,,,,,,
10/13/2017,9.85,9.85,,,,,,
10/16/2017,9.82,9.82,,,,,,
10/17/2017,9.64,9.64,,,,,,
10/18/2017,9.33,9.33,,,,,,
10/19/2017,10.10,10.10,,,,,,
10/20/2017,9.51,9.51,,,,,,
10/23/2017,10.80,10.80,,,,,,
10/24/2017,10.96,10.96,,,,,,
10/25/2017,12.24,12.24,,,,,,
10/26/2017,10.98,10.98,,,,,,
10/27/2017,10.92,10.92,,,,,,
10/30/2017,10.79,10.79,,,,,,
10/31/2017,10.07,10.07,,,,,,
11/1/2017,10.21,10.21,,,,,,
11/2/2017,10.34,10.34,,,,,,
11/3/2017,9.89,9.89,,,,,,
11/6/2017,9.89,9.89,,,,,,
11/7/2017,10.42,10.42,,,,,,
11/8/2017,10.70,10.70,,,,,,
11/9/2017,12.19,12.19,,,,,,
11/10/2017,12.72,12.72,,,,,,
11/13/2017,12.92,12.92,,,,,,
11/14/2017,13.64,13.64,,,,,,
11/15/2017,13.81,13.81,,,,,,
11/16/2017,13.02,13.02,,,,,,
11/17/2017,12.45,12.45,,,,,,
11/20/2017,12.20,12.20,,,,,,
11/21/2017,11.57,11.57,,,,,,
11/22/2017,11.34,11.34,,,,,,
11/23/2017,11.30,11.30,,,,,,
11/24/2017,11.35,11.35,,,,,,
11/27/2017,11.65,11.65,,,,,,
11/28/2017,11.37,11.37,,,,,,
11/29/2017,11.91,11.91,,,,,,
11/30/2017,11.77,11.77,,,,,,
12/1/2017,13.40,13.40,,,,,,
12/4/2017,12.30,12.30,,,,,,
12/5/2017,11.74,11.74,,,,,,
12/6/2017,12.31,12.31,,,,,,
12/7/2017,11.98,11.98,,,,,,
12/8/2017,11.20,11.20,,,,,,
12/11/2017,11.18,11.18,,,,,,
12/12/2017,10.59,10.59,,,,,,
12/13/2017,10.78,10.78,,,,,,
12/14/2017,10.72,10.72,,,,,,
12/15/2017,10.02,10.02,,,,,,
12/18/2017,8.89,8.89,,,,,,
12/19/2017,9.24,9.24,,,,,,
12/20/2017,11.29,11.29,,,,,,
12/21/2017,10.88,10.88,,,,,,
12/22/2017,10.94,10.94,,,,,,
12/27/2017,11.21,11.21,,,,,,
12/28/2017,11.75,11.75,,,,,,
12/29/2017,11.79,11.79,,,,,,
1/2/2018,11.84,11.84,,,,,,
1/3/2018,10.81,10.81,,,,,,
1/4/2018,10.22,10.22,,,,,,
1/5/2018,9.79,9.79,,,,,,
1/8/2018,9.88,9.88,,,,,,
1/9/2018,9.57,9.57,,,,,,
1/10/2018,10.01,10.01,,,,,,
1/11/2018,9.76,9.76,,,,,,
1/12/2018,9.59,9.59,,,,,,
1/15/2018,9.58,9.58,,,,,,
1/16/2018,9.87,9.87,,,,,,
1/17/2018,10.33,10.33,,,,,,
1/18/2018,10.03,10.03,,,,,,
1/19/2018,9.55,9.55,,,,,,
1/22/2018,11.79,11.79,,,,,,
1/23/2018,11.63,11.63,,,,,,
1/24/2018,11.89,11.89,,,,,,
1/25/2018,12.11,12.11,,,,,,
1/26/2018,11.91,11.91,,,,,,
1/29/2018,12.33,12.33,,,,,,
1/30/2018,13.29,13.29,,,,,,
1/31/2018,13.66,13.66,,,,,,
2/1/2018,14.54,14.54,,,,,,
2/2/2018,15.88,15.88,,,,,,
2/5/2018,16.91,16.91,,,,,,
2/6/2018,23.94,23.94,,,,,,
2/7/2018,17.63,17.63,,,,,,
2/8/2018,23.16,23.16,,,,,,
2/9/2018,26.76,26.76,,,,,,
2/12/2018,22.15,22.15,,,,,,
2/13/2018,20.94,20.94,,,,,,
2/14/2018,16.85,16.85,,,,,,
2/15/2018,16.70,16.70,,,,,,
2/16/2018,14.69,14.69,,,,,,
2/19/2018,15.58,15.58,,,,,,
2/20/2018,15.29,15.29,,,,,,
2/21/2018,15.16,15.16,,,,,,
2/22/2018,15.10,15.10,,,,,,
2/23/2018,14.63,14.63,,,,,,
2/26/2018,13.69,13.69,,,,,,
2/27/2018,14.33,14.33,,,,,,
2/28/2018,14.43,14.43,,,,,,
3/1/2018,15.96,15.96,,,,,,
3/2/2018,18.78,18.78,,,,,,
3/5/2018,15.78,15.78,,,,,,
3/6/2018,15.64,15.64,,,,,,
3/7/2018,15.38,15.38,,,,,,
3/8/2018,14.13,14.13,,,,,,
3/9/2018,13.30,13.30,,,,,,
3/12/2018,13.04,13.04,,,,,,
3/13/2018,13.89,13.89,,,,,,
3/14/2018,14.11,14.11,,,,,,
3/15/2018,13.15,13.15,,,,,,
3/16/2018,11.63,11.63,,,,,,
3/19/2018,13.74,13.74,,,,,,
3/20/2018,12.82,12.82,,,,,,
3/21/2018,12.56,12.56,,,,,,
3/22/2018,15.32,15.32,,,,,,
3/23/2018,16.24,16.24,,,,,,
3/26/2018,16.68,16.68,,,,,,
3/27/2018,15.28,15.28,,,,,,
3/28/2018,15.45,15.45,,,,,,
3/29/2018,13.95,13.95,,,,,,
4/3/2018,14.97,14.97,,,,,,
4/4/2018,15.54,15.54,,,,,,
4/5/2018,13.79,13.79,,,,,,
4/6/2018,14.23,14.23,,,,,,
4/9/2018,14.07,14.07,,,,,,
4/10/2018,13.33,13.33,,,,,,
4/11/2018,13.54,13.54,,,,,,
4/12/2018,12.55,12.55,,,,,,
4/13/2018,12.14,12.14,,,,,,
4/16/2018,11.61,11.61,,,,,,
4/17/2018,10.49,10.49,,,,,,
4/18/2018,10.11,10.11,,,,,,
4/19/2018,10.44,10.44,,,,,,
4/20/2018,10.31,10.31,,,,,,
4/23/2018,10.94,10.94,,,,,,
4/24/2018,10.91,10.91,,,,,,
4/25/2018,11.59,11.59,,,,,,
4/26/2018,10.93,10.93,,,,,,
4/27/2018,10.75,10.75,,,,,,
4/30/2018,10.84,10.84,,,,,,
5/2/2018,10.64,10.64,,,,,,
5/3/2018,11.06,11.06,,,,,,
5/4/2018,10.34,10.34,,,,,,
5/7/2018,10.24,10.24,,,,,,
5/8/2018,10.54,10.54,,,,,,
5/9/2018,10.05,10.05,,,,,,
5/10/2018,9.61,9.61,,,,,,
5/11/2018,9.41,9.41,,,,,,
5/14/2018,9.45,9.45,,,,,,
5/15/2018,9.39,9.39,,,,,,
5/16/2018,9.88,9.88,,,,,,
5/17/2018,9.55,9.55,,,,,,
5/18/2018,10.32,10.32,,,,,,
5/21/2018,11.12,11.12,,,,,,
5/22/2018,10.73,10.73,,,,,,
5/23/2018,12.16,12.16,,,,,,
5/24/2018,12.58,12.58,,,,,,
5/25/2018,12.74,12.74,,,,,,
5/28/2018,13.89,13.89,,,,,,
5/29/2018,16.11,16.11,,,,,,
5/30/2018,14.96,14.96,,,,,,
5/31/2018,14.74,14.74,,,,,,
6/1/2018,13.05,13.05,,,,,,
6/4/2018,12.08,12.08,,,,,,
6/5/2018,12.36,12.36,,,,,,
6/6/2018,12.47,12.47,,,,,,
6/7/2018,12.06,12.06,,,,,,
6/8/2018,12.55,12.55,,,,,,
6/11/2018,11.82,11.82,,,,,,
6/12/2018,11.66,11.66,,,,,,
6/13/2018,11.16,11.16,,,,,,
6/14/2018,10.05,10.05,,,,,,
6/15/2018,10.52,10.52,,,,,,
6/18/2018,11.86,11.86,,,,,,
6/19/2018,13.06,13.06,,,,,,
6/20/2018,12.32,12.32,,,,,,
6/21/2018,13.98,13.98,,,,,,
6/22/2018,12.57,12.57,,,,,,
6/25/2018,14.86,14.86,,,,,,
6/26/2018,14.63,14.63,,,,,,
6/27/2018,14.81,14.81,,,,,,
6/28/2018,15.85,15.85,,,,,,
6/29/2018,14.45,14.45,,,,,,
7/2/2018,15.77,15.77,,,,,,
7/3/2018,14.44,14.44,,,,,,
7/4/2018,14.17,14.17,,,,,,
7/5/2018,13.72,13.72,,,,,,
7/6/2018,12.67,12.67,,,,,,
7/9/2018,12.03,12.03,,,,,,
7/10/2018,11.03,11.03,,,,,,
7/11/2018,12.40,12.40,,,,,,
7/12/2018,11.30,11.30,,,,,,
7/13/2018,10.90,10.90,,,,,,
7/16/2018,11.04,11.04,,,,,,
7/17/2018,10.81,10.81,,,,,,
7/18/2018,10.15,10.15,,,,,,
7/19/2018,10.38,10.38,,,,,,
7/20/2018,10.87,10.87,,,,,,
7/23/2018,12.12,12.12,,,,,,
7/24/2018,11.23,11.23,,,,,,
7/25/2018,11.65,11.65,,,,,,
7/26/2018,10.67,10.67,,,,,,
7/27/2018,10.11,10.11,,,,,,
7/30/2018,10.78,10.78,,,,,,
7/31/2018,10.61,10.61,,,,,,
8/1/2018,10.96,10.96,,,,,,
8/2/2018,12.21,12.21,,,,,,
8/3/2018,11.46,11.46,,,,,,
8/6/2018,11.50,11.50,,,,,,
8/7/2018,10.75,10.75,,,,,,
8/8/2018,10.97,10.97,,,,,,
8/9/2018,10.60,10.60,,,,,,
8/10/2018,12.85,12.85,,,,,,
8/13/2018,13.64,13.64,,,,,,
8/14/2018,13.47,13.47,,,,,,
8/15/2018,15.76,15.76,,,,,,
8/16/2018,13.92,13.92,,,,,,
8/17/2018,13.45,13.45,,,,,,
8/20/2018,12.21,12.21,,,,,,
8/21/2018,11.79,11.79,,,,,,
8/22/2018,11.89,11.89,,,,,,
8/23/2018,11.53,11.53,,,,,,
8/24/2018,11.07,11.07,,,,,,
8/27/2018,11.70,11.70,,,,,,
8/28/2018,11.69,11.69,,,,,,
8/29/2018,11.69,11.69,,,,,,
8/30/2018,12.49,12.49,,,,,,
8/31/2018,13.49,13.49,,,,,,
9/3/2018,13.30,13.30,,,,,,
9/4/2018,13.95,13.95,,,,,,
9/5/2018,14.72,14.72,,,,,,
9/6/2018,14.64,14.64,,,,,,
9/7/2018,14.30,14.30,,,,,,
9/10/2018,13.59,13.59,,,,,,
9/11/2018,13.46,13.46,,,,,,
9/12/2018,13.07,13.07,,,,,,
9/13/2018,12.56,12.56,,,,,,
9/14/2018,11.95,11.95,,,,,,
9/17/2018,12.45,12.45,,,,,,
9/18/2018,12.23,12.23,,,,,,
9/19/2018,11.62,11.62,,,,,,
9/20/2018,11.21,11.21,,,,,,
9/21/2018,10.80,10.80,,,,,,
9/24/2018,12.24,12.24,,,,,,
9/25/2018,11.83,11.83,,,,,,
9/26/2018,11.58,11.58,,,,,,
9/27/2018,11.67,11.67,,,,,,
9/28/2018,12.75,12.75,,,,,,
10/1/2018,12.50,12.50,,,,,,
10/2/2018,13.32,13.32,,,,,,
10/3/2018,12.86,12.86,,,,,,
10/4/2018,13.79,13.79,,,,,,
10/5/2018,14.49,14.49,,,,,,
10/8/2018,15.39,15.39,,,,,,
10/9/2018,15.02,15.02,,,,,,
10/10/2018,16.05,16.05,,,,,,
10/11/2018,17.88,17.88,,,,,,
10/12/2018,17.57,17.57,,,,,,
10/15/2018,16.63,16.63,,,,,,
10/16/2018,14.86,14.86,,,,,,
10/17/2018,14.84,14.84,,,,,,
10/18/2018,15.68,15.68,,,,,,
10/19/2018,16.16,16.16,,,,,,
10/22/2018,16.36,16.36,,,,,,
10/23/2018,17.88,17.88,,,,,,
10/24/2018,18.21,18.21,,,,,,
10/25/2018,17.75,17.75,,,,,,
10/26/2018,19.84,19.84,,,,,,
10/29/2018,18.69,18.69,,,,,,
10/30/2018,18.72,18.72,,,,,,
10/31/2018,16.98,16.98,,,,,,
11/1/2018,16.45,16.45,,,,,,
11/2/2018,16.39,16.39,,,,,,
11/5/2018,16.00,16.00,,,,,,
11/6/2018,15.70,15.70,,,,,,
11/7/2018,14.22,14.22,,,,,,
11/8/2018,13.82,13.82,,,,,,
11/9/2018,14.14,14.14,,,,,,
11/12/2018,15.25,15.25,,,,,,
11/13/2018,14.78,14.78,,,,,,
11/14/2018,16.05,16.05,,,,,,
11/15/2018,17.59,17.59,,,,,,
11/16/2018,15.74,15.74,,,,,,
11/19/2018,16.09,16.09,,,,,,
11/20/2018,17.58,17.58,,,,,,
11/21/2018,16.36,16.36,,,,,,
11/22/2018,17.11,17.11,,,,,,
11/23/2018,16.59,16.59,,,,,,
11/26/2018,15.38,15.38,,,,,,
11/27/2018,15.50,15.50,,,,,,
11/28/2018,15.65,15.65,,,,,,
11/29/2018,15.85,15.85,,,,,,
11/30/2018,15.45,15.45,,,,,,
12/3/2018,14.42,14.42,,,,,,
12/4/2018,14.62,14.62,,,,,,
12/5/2018,16.20,16.20,,,,,,
12/6/2018,20.14,20.14,,,,,,
12/7/2018,18.37,18.37,,,,,,
12/10/2018,20.00,20.00,,,,,,
12/11/2018,18.02,18.02,,,,,,
12/12/2018,17.13,17.13,,,,,,
12/13/2018,16.90,16.90,,,,,,
12/14/2018,16.78,16.78,,,,,,
12/17/2018,17.19,17.19,,,,,,
12/18/2018,17.77,17.77,,,,,,
12/19/2018,17.58,17.58,,,,,,
12/20/2018,18.47,18.47,,,,,,
12/21/2018,18.39,18.39,,,,,,
12/27/2018,22.05,22.05,,,,,,
12/28/2018,20.82,20.82,,,,,,
1/2/2019,20.15,20.15,,,,,,
1/3/2019,19.85,19.85,,,,,,
1/4/2019,17.95,17.95,,,,,,
1/7/2019,17.75,17.75,,,,,,
1/8/2019,16.80,16.80,,,,,,
1/9/2019,16.53,16.53,,,,,,
1/10/2019,16.53,16.53,,,,,,
1/11/2019,15.43,15.43,,,,,,
1/14/2019,15.86,15.86,,,,,,
1/15/2019,15.01,15.01,,,,,,
1/16/2019,13.86,13.86,,,,,,
1/17/2019,13.27,13.27,,,,,,
1/18/2019,12.51,12.51,,,,,,
1/21/2019,13.80,13.80,,,,,,
1/22/2019,14.35,14.35,,,,,,
1/23/2019,14.68,14.68,,,,,,
1/24/2019,13.97,13.97,,,,,,
1/25/2019,13.27,13.27,,,,,,
1/28/2019,14.27,14.27,,,,,,
1/29/2019,14.17,14.17,,,,,,
1/30/2019,14.09,14.09,,,,,,
1/31/2019,13.34,13.34,,,,,,
2/1/2019,12.22,12.22,,,,,,
2/4/2019,12.24,12.24,,,,,,
2/5/2019,11.60,11.60,,,,,,
2/6/2019,11.54,11.54,,,,,,
2/7/2019,13.61,13.61,,,,,,
2/8/2019,14.18,14.18,,,,,,
2/11/2019,13.27,13.27,,,,,,
2/12/2019,12.43,12.43,,,,,,
2/13/2019,12.12,12.12,,,,,,
2/14/2019,13.24,13.24,,,,,,
2/15/2019,12.03,12.03,,,,,,
2/18/2019,12.83,12.83,,,,,,
2/19/2019,12.99,12.99,,,,,,
2/20/2019,12.63,12.63,,,,,,
2/21/2019,12.67,12.67,,,,,,
2/22/2019,12.33,12.33,,,,,,
2/25/2019,12.18,12.18,,,,,,
2/26/2019,12.11,12.11,,,,,,
2/27/2019,12.42,12.42,,,,,,
2/28/2019,11.78,11.78,,,,,,
3/1/2019,11.66,11.66,,,,,,
3/4/2019,11.74,11.74,,,,,,
3/5/2019,11.60,11.60,,,,,,
3/6/2019,11.50,11.50,,,,,,
3/7/2019,11.95,11.95,,,,,,
3/8/2019,12.34,12.34,,,,,,
3/11/2019,12.05,12.05,,,,,,
3/12/2019,11.77,11.77,,,,,,
3/13/2019,11.79,11.79,,,,,,
3/14/2019,11.89,11.89,,,,,,
3/15/2019,11.38,11.38,,,,,,
3/18/2019,11.52,11.52,,,,,,
3/19/2019,11.33,11.33,,,,,,
3/20/2019,12.29,12.29,,,,,,
3/21/2019,13.11,13.11,,,,,,
3/22/2019,14.53,14.53,,,,,,
3/25/2019,14.21,14.21,,,,,,
3/26/2019,13.33,13.33,,,,,,
3/27/2019,13.58,13.58,,,,,,
3/28/2019,13.49,13.49,,,,,,
3/29/2019,12.70,12.70,,,,,,
4/1/2019,12.29,12.29,,,,,,
4/2/2019,12.21,12.21,,,,,,
4/3/2019,11.63,11.63,,,,,,
4/4/2019,11.58,11.58,,,,,,
4/5/2019,10.95,10.95,,,,,,
4/8/2019,11.68,11.68,,,,,,
4/9/2019,11.30,11.30,,,,,,
4/10/2019,11.02,11.02,,,,,,
4/11/2019,9.89,9.89,,,,,,
4/12/2019,9.32,9.32,,,,,,
4/15/2019,8.86,8.86,,,,,,
4/16/2019,8.87,8.87,,,,,,
4/17/2019,9.07,9.07,,,,,,
4/18/2019,10.30,10.30,,,,,,
4/23/2019,10.63,10.63,,,,,,
4/24/2019,10.72,10.72,,,,,,
4/25/2019,10.99,10.99,,,,,,
4/26/2019,10.89,10.89,,,,,,
4/29/2019,11.02,11.02,,,,,,
4/30/2019,11.12,11.12,,,,,,
5/2/2019,11.89,11.89,,,,,,
5/3/2019,11.12,11.12,,,,,,
5/6/2019,12.80,12.80,,,,,,
5/7/2019,14.71,14.71,,,,,,
5/8/2019,14.36,14.36,,,,,,
5/9/2019,16.68,16.68,,,,,,
5/10/2019,15.35,15.35,,,,,,
5/13/2019,16.51,16.51,,,,,,
5/14/2019,15.01,15.01,,,,,,
5/15/2019,14.29,14.29,,,,,,
5/16/2019,13.09,13.09,,,,,,
5/17/2019,12.94,12.94,,,,,,
5/20/2019,14.97,14.97,,,,,,
5/21/2019,13.89,13.89,,,,,,
5/22/2019,13.50,13.50,,,,,,
5/23/2019,15.59,15.59,,,,,,
5/24/2019,14.83,14.83,,,,,,
5/27/2019,14.42,14.42,,,,,,
5/28/2019,14.41,14.41,,,,,,
5/29/2019,15.75,15.75,,,,,,
5/30/2019,15.11,15.11,,,,,,
5/31/2019,15.88,15.88,,,,,,
6/3/2019,15.68,15.68,,,,,,
6/4/2019,15.03,15.03,,,,,,
6/5/2019,14.79,14.79,,,,,,
6/6/2019,14.41,14.41,,,,,,
6/7/2019,13.78,13.78,,,,,,
6/10/2019,13.50,13.50,,,,,,
6/11/2019,13.27,13.27,,,,,,
6/12/2019,13.37,13.37,,,,,,
6/13/2019,12.82,12.82,,,,,,
6/14/2019,12.91,12.91,,,,,,
6/17/2019,12.58,12.58,,,,,,
6/18/2019,11.45,11.45,,,,,,
6/19/2019,11.91,11.91,,,,,,
6/20/2019,11.47,11.47,,,,,,
6/21/2019,11.54,11.54,,,,,,
6/24/2019,12.67,12.67,,,,,,
6/25/2019,12.52,12.52,,,,,,
6/26/2019,12.59,12.59,,,,,,
6/27/2019,12.69,12.69,,,,,,
6/28/2019,12.31,12.31,,,,,,
7/1/2019,11.21,11.21,,,,,,
7/2/2019,10.59,10.59,,,,,,
7/3/2019,10.35,10.35,,,,,,
7/4/2019,10.47,10.47,,,,,,
7/5/2019,10.79,10.79,,,,,,
7/8/2019,10.80,10.80,,,,,,
7/9/2019,10.91,10.91,,,,,,
7/10/2019,11.20,11.20,,,,,,
7/11/2019,10.64,10.64,,,,,,
7/12/2019,10.60,10.60,,,,,,
7/15/2019,10.65,10.65,,,,,,
7/16/2019,10.25,10.25,,,,,,
7/17/2019,10.73,10.73,,,,,,
7/18/2019,11.36,11.36,,,,,,
7/19/2019,11.62,11.62,,,,,,
7/22/2019,11.99,11.99,,,,,,
7/23/2019,11.45,11.45,,,,,,
7/24/2019,11.71,11.71,,,,,,
7/25/2019,11.79,11.79,,,,,,
7/26/2019,11.38,11.38,,,,,,
7/29/2019,11.30,11.30,,,,,,
7/30/2019,12.61,12.61,,,,,,
7/31/2019,12.56,12.56,,,,,,
8/1/2019,12.23,12.23,,,,,,
8/2/2019,15.98,15.98,,,,,,
8/5/2019,17.84,17.84,,,,,,
8/6/2019,18.25,18.25,,,,,,
8/7/2019,18.05,18.05,,,,,,
8/8/2019,15.91,15.91,,,,,,
8/9/2019,16.72,16.72,,,,,,
8/12/2019,17.27,17.27,,,,,,
8/13/2019,16.62,16.62,,,,,,
8/14/2019,19.62,19.62,,,,,,
8/15/2019,20.22,20.22,,,,,,
8/16/2019,18.05,18.05,,,,,,
8/19/2019,16.28,16.28,,,,,,
8/20/2019,16.39,16.39,,,,,,
8/21/2019,14.99,14.99,,,,,,
8/22/2019,16.16,16.16,,,,,,
8/23/2019,18.18,18.18,,,,,,
8/26/2019,17.80,17.80,,,,,,
8/27/2019,17.27,17.27,,,,,,
8/28/2019,17.38,17.38,,,,,,
8/29/2019,15.96,15.96,,,,,,
8/30/2019,15.81,15.81,,,,,,
9/2/2019,15.65,15.65,,,,,,
9/3/2019,16.07,16.07,,,,,,
9/4/2019,14.72,14.72,,,,,,
9/5/2019,13.80,13.80,,,,,,
9/6/2019,13.06,13.06,,,,,,
9/9/2019,13.07,13.07,,,,,,
9/10/2019,13.08,13.08,,,,,,
9/11/2019,12.96,12.96,,,,,,
9/12/2019,12.37,12.37,,,,,,
9/13/2019,11.70,11.70,,,,,,
9/16/2019,12.81,12.81,,,,,,
9/17/2019,13.01,13.01,,,,,,
9/18/2019,12.67,12.67,,,,,,
9/19/2019,11.89,11.89,,,,,,
9/20/2019,11.24,11.24,,,,,,
9/23/2019,13.97,13.97,,,,,,
9/24/2019,14.07,14.07,,,,,,
9/25/2019,15.01,15.01,,,,,,
9/26/2019,14.55,14.55,,,,,,
9/27/2019,14.09,14.09,,,,,,
9/30/2019,13.86,13.86,,,,,,
10/1/2019,14.82,14.82,,,,,,
10/2/2019,18.01,18.01,,,,,,
10/3/2019,18.01,18.01,,,,,,
10/4/2019,16.60,16.60,,,,,,
10/7/2019,16.09,16.09,,,,,,
10/8/2019,17.43,17.43,,,,,,
10/9/2019,16.51,16.51,,,,,,
10/10/2019,15.60,15.60,,,,,,
10/11/2019,14.10,14.10,,,,,,
10/14/2019,14.16,14.16,,,,,,
10/15/2019,12.79,12.79,,,,,,
10/16/2019,12.89,12.89,,,,,,
10/17/2019,13.04,13.04,,,,,,
10/18/2019,13.64,13.64,,,,,,
10/21/2019,13.51,13.51,,,,,,
10/22/2019,13.33,13.33,,,,,,
10/23/2019,12.84,12.84,,,,,,
10/24/2019,12.58,12.58,,,,,,
10/25/2019,12.29,12.29,,,,,,
10/28/2019,12.29,12.29,,,,,,
10/29/2019,12.56,12.56,,,,,,
10/30/2019,12.46,12.46,,,,,,
10/31/2019,12.54,12.54,,,,,,
11/1/2019,11.69,11.69,,,,,,
11/4/2019,11.53,11.53,,,,,,
11/5/2019,11.49,11.49,,,,,,
11/6/2019,11.31,11.31,,,,,,
11/7/2019,11.04,11.04,,,,,,
11/8/2019,11.16,11.16,,,,,,
11/11/2019,11.39,11.39,,,,,,
11/12/2019,10.85,10.85,,,,,,
11/13/2019,10.92,10.92,,,,,,
11/14/2019,10.95,10.95,,,,,,
11/15/2019,10.23,10.23,,,,,,
11/18/2019,10.50,10.50,,,,,,
11/19/2019,10.77,10.77,,,,,,
11/20/2019,10.94,10.94,,,,,,
11/21/2019,11.12,11.12,,,,,,
11/22/2019,10.99,10.99,,,,,,
11/25/2019,11.06,11.06,,,,,,
11/26/2019,10.78,10.78,,,,,,
11/27/2019,10.82,10.82,,,,,,
11/28/2019,11.16,11.16,,,,,,
11/29/2019,11.41,11.41,,,,,,
12/2/2019,13.43,13.43,,,,,,
12/3/2019,14.40,14.40,,,,,,
12/4/2019,13.03,13.03,,,,,,
12/5/2019,13.28,13.28,,,,,,
12/6/2019,12.25,12.25,,,,,,
12/9/2019,12.72,12.72,,,,,,
12/10/2019,12.88,12.88,,,,,,
12/11/2019,13.02,13.02,,,,,,
12/12/2019,12.40,12.40,,,,,,
12/13/2019,11.07,11.07,,,,,,
12/16/2019,9.78,9.78,,,,,,
12/17/2019,10.12,10.12,,,,,,
12/18/2019,11.24,11.24,,,,,,
12/19/2019,11.34,11.34,,,,,,
12/20/2019,10.68,10.68,,,,,,
12/23/2019,10.84,10.84,,,,,,
12/27/2019,11.05,11.05,,,,,,
12/30/2019,11.91,11.91,,,,,,
1/2/2020,10.92,10.92,,,,,,
1/3/2020,11.77,11.77,,,,,,
1/6/2020,12.60,12.60,,,,,,
1/7/2020,12.01,12.01,,,,,,
1/8/2020,11.97,11.97,,,,,,
1/9/2020,11.10,11.10,,,,,,
1/10/2020,10.71,10.71,,,,,,
1/13/2020,10.86,10.86,,,,,,
1/14/2020,10.61,10.61,,,,,,
1/15/2020,10.44,10.44,,,,,,
1/16/2020,10.12,10.12,,,,,,
1/17/2020,9.82,9.82,,,,,,
1/20/2020,9.99,9.99,,,,,,
1/21/2020,10.47,10.47,,,,,,
1/22/2020,10.76,10.76,,,,,,
1/23/2020,11.72,11.72,,,,,,
1/24/2020,11.34,11.34,,,,,,
1/27/2020,14.69,14.69,,,,,,
1/28/2020,13.43,13.43,,,,,,
1/29/2020,12.92,12.92,,,,,,
1/30/2020,14.39,14.39,,,,,,
1/31/2020,14.92,14.92,,,,,,
2/3/2020,14.26,14.26,,,,,,
2/4/2020,12.68,12.68,,,,,,
2/5/2020,11.71,11.71,,,,,,
2/6/2020,11.28,11.28,,,,,,
2/7/2020,11.55,11.55,,,,,,
2/10/2020,11.79,11.79,,,,,,
2/11/2020,11.07,11.07,,,,,,
2/12/2020,10.73,10.73,,,,,,
2/13/2020,11.36,11.36,,,,,,
2/14/2020,11.17,11.17,,,,,,
2/17/2020,11.13,11.13,,,,,,
2/18/2020,12.07,12.07,,,,,,
2/19/2020,11.12,11.12,,,,,,
2/20/2020,11.86,11.86,,,,,,
2/21/2020,13.72,13.72,,,,,,
2/24/2020,18.22,18.22,,,,,,
2/25/2020,21.01,21.01,,,,,,
2/26/2020,19.03,19.03,,,,,,
2/27/2020,25.37,25.37,,,,,,
2/28/2020,32.24,32.24,,,,,,
3/2/2020,28.37,28.37,,,,,,
3/3/2020,26.49,26.49,,,,,,
3/4/2020,24.39,24.39,,,,,,
3/5/2020,27.15,27.15,,,,,,
3/6/2020,35.85,35.85,,,,,,
3/9/2020,45.74,45.74,,,,,,
3/10/2020,47.01,47.01,,,,,,
3/11/2020,47.72,47.72,,,,,,
3/12/2020,63.45,63.45,,,,,,
3/13/2020,66.98,66.98,,,,,,
3/16/2020,80.50,80.50,,,,,,
3/17/2020,67.69,67.69,,,,,,
3/18/2020,75.73,75.73,,,,,,
3/19/2020,61.52,61.52,,,,,,
3/20/2020,52.53,52.53,,,,,,
3/23/2020,51.07,51.07,,,,,,
3/24/2020,42.36,42.36,,,,,,
3/25/2020,45.98,45.98,,,,,,
3/26/2020,44.09,44.09,,,,,,
3/27/2020,50.67,50.67,,,,,,
3/30/2020,46.90,46.90,,,,,,
3/31/2020,42.17,42.17,,,,,,
4/1/2020,44.02,44.02,,,,,,
4/2/2020,44.44,44.44,,,,,,
4/3/2020,41.34,41.34,,,,,,
4/6/2020,36.52,36.52,,,,,,
4/7/2020,38.83,38.83,,,,,,
4/8/2020,38.23,38.23,,,,,,
4/9/2020,38.36,38.36,,,,,,
4/14/2020,34.29,34.29,,,,,,
4/15/2020,38.86,38.86,,,,,,
4/16/2020,36.63,36.63,,,,,,
4/17/2020,35.17,35.17,,,,,,
4/20/2020,33.30,33.30,,,,,,
4/21/2020,38.77,38.77,,,,,,
4/22/2020,36.11,36.11,,,,,,
4/23/2020,33.66,33.66,,,,,,
4/24/2020,33.78,33.78,,,,,,
4/27/2020,29.02,29.02,,,,,,
4/28/2020,27.63,27.63,,,,,,
4/29/2020,25.46,25.46,,,,,,
4/30/2020,27.82,27.82,,,,,,
5/4/2020,31.81,31.81,,,,,,
5/5/2020,28.62,28.62,,,,,,
5/6/2020,28.83,28.83,,,,,,
5/7/2020,27.16,27.16,,,,,,
5/8/2020,24.91,24.91,,,,,,
5/11/2020,25.23,25.23,,,,,,
5/12/2020,23.11,23.11,,,,,,
5/13/2020,27.68,27.68,,,,,,
5/14/2020,30.90,30.90,,,,,,
5/15/2020,29.04,29.04,,,,,,
5/18/2020,24.81,24.81,,,,,,
5/19/2020,25.54,25.54,,,,,,
5/20/2020,24.89,24.89,,,,,,
5/21/2020,27.72,27.72,,,,,,
5/22/2020,26.81,26.81,,,,,,
5/25/2020,24.23,24.23,,,,,,
5/26/2020,23.36,23.36,,,,,,
5/27/2020,24.07,24.07,,,,,,
5/28/2020,24.13,24.13,,,,,,
5/29/2020,25.46,25.46,,,,,,
6/1/2020,25.04,25.04,,,,,,
6/2/2020,24.61,24.61,,,,,,
6/3/2020,23.89,23.89,,,,,,
6/4/2020,22.82,22.82,,,,,,
6/5/2020,22.35,22.35,,,,,,
6/8/2020,23.12,23.12,,,,,,
6/9/2020,24.86,24.86,,,,,,
6/10/2020,25.23,25.23,,,,,,
6/11/2020,30.47,30.47,,,,,,
6/12/2020,34.50,34.50,,,,,,
6/15/2020,32.31,32.31,,,,,,
6/16/2020,30.20,30.20,,,,,,
6/17/2020,29.78,29.78,,,,,,
6/18/2020,29.50,29.50,,,,,,
6/19/2020,27.65,27.65,,,,,,
6/22/2020,27.92,27.92,,,,,,
6/23/2020,26.25,26.25,,,,,,
6/24/2020,30.71,30.71,,,,,,
6/25/2020,29.35,29.35,,,,,,
6/26/2020,29.77,29.77,,,,,,
6/29/2020,29.11,29.11,,,,,,
6/30/2020,27.18,27.18,,,,,,
7/1/2020,26.15,26.15,,,,,,
7/2/2020,24.01,24.01,,,,,,
7/3/2020,24.93,24.93,,,,,,
7/6/2020,23.93,23.93,,,,,,
7/7/2020,24.28,24.28,,,,,,
7/8/2020,25.80,25.80,,,,,,
7/9/2020,26.49,26.49,,,,,,
7/10/2020,24.95,24.95,,,,,,
7/13/2020,23.60,23.60,,,,,,
7/14/2020,24.91,24.91,,,,,,
7/15/2020,23.93,23.93,,,,,,
7/16/2020,23.65,23.65,,,,,,
7/17/2020,22.64,22.64,,,,,,
7/20/2020,21.33,21.33,,,,,,
7/21/2020,20.72,20.72,,,,,,
7/22/2020,21.01,21.01,,,,,,
7/23/2020,20.10,20.10,,,,,,
7/24/2020,22.39,22.39,,,,,,
7/27/2020,22.43,22.43,,,,,,
7/28/2020,21.74,21.74,,,,,,
7/29/2020,21.70,21.70,,,,,,
7/30/2020,24.40,24.40,,,,,,
7/31/2020,23.51,23.51,,,,,,
8/3/2020,22.48,22.48,,,,,,
8/4/2020,21.89,21.89,,,,,,
8/5/2020,21.01,21.01,,,,,,
8/6/2020,21.72,21.72,,,,,,
8/7/2020,21.11,21.11,,,,,,
8/10/2020,21.03,21.03,,,,,,
8/11/2020,20.05,20.05,,,,,,
8/12/2020,19.34,19.34,,,,,,
8/13/2020,19.47,19.47,,,,,,
8/14/2020,20.48,20.48,,,,,,
8/17/2020,19.80,19.80,,,,,,
8/18/2020,20.10,20.10,,,,,,
8/19/2020,18.85,18.85,,,,,,
8/20/2020,20.48,20.48,,,,,,
8/21/2020,20.78,20.78,,,,,,
8/24/2020,20.08,20.08,,,,,,
8/25/2020,20.19,20.19,,,,,,
8/26/2020,18.98,18.98,,,,,,
8/27/2020,20.24,20.24,,,,,,
8/28/2020,21.55,21.55,,,,,,
8/31/2020,22.81,22.81,,,,,,
9/1/2020,23.41,23.41,,,,,,
9/2/2020,22.97,22.97,,,,,,
9/3/2020,24.84,24.84,,,,,,
9/4/2020,26.91,26.91,,,,,,
9/7/2020,23.62,23.62,,,,,,
9/8/2020,24.25,24.25,,,,,,
9/9/2020,22.26,22.26,,,,,,
9/10/2020,21.85,21.85,,,,,,
9/11/2020,20.69,20.69,,,,,,
9/14/2020,19.96,19.96,,,,,,
9/15/2020,19.49,19.49,,,,,,
9/16/2020,19.39,19.39,,,,,,
9/17/2020,19.52,19.52,,,,,,
9/18/2020,19.51,19.51,,,,,,
9/21/2020,26.39,26.39,,,,,,
9/22/2020,25.43,25.43,,,,,,
9/23/2020,24.91,24.91,,,,,,
9/24/2020,25.92,25.92,,,,,,
9/25/2020,25.92,25.92,,,,,,
9/28/2020,24.77,24.77,,,,,,
9/29/2020,24.68,24.68,,,,,,
9/30/2020,23.89,23.89,,,,,,
10/1/2020,24.42,24.42,,,,,,
10/2/2020,24.81,24.81,,,,,,
10/5/2020,24.14,24.14,,,,,,
10/6/2020,23.12,23.12,,,,,,
10/7/2020,22.88,22.88,,,,,,
10/8/2020,22.04,22.04,,,,,,
10/9/2020,20.27,20.27,,,,,,
10/12/2020,19.39,19.39,,,,,,
10/13/2020,20.02,20.02,,,,,,
10/14/2020,20.28,20.28,,,,,,
10/15/2020,23.42,23.42,,,,,,
10/16/2020,21.98,21.98,,,,,,
10/19/2020,23.16,23.16,,,,,,
10/20/2020,23.99,23.99,,,,,,
10/21/2020,25.93,25.93,,,,,,
10/22/2020,25.40,25.40,,,,,,
10/23/2020,25.08,25.08,,,,,,
10/26/2020,26.75,26.75,,,,,,
10/27/2020,27.29,27.29,,,,,,
10/28/2020,31.78,31.78,,,,,,
10/29/2020,31.44,31.44,,,,,,
10/30/2020,29.92,29.92,,,,,,
11/2/2020,29.00,29.00,,,,,,
11/3/2020,26.62,26.62,,,,,,
11/4/2020,23.49,23.49,,,,,,
11/5/2020,22.80,22.80,,,,,,
11/6/2020,22.29,22.29,,,,,,
11/9/2020,20.68,20.68,,,,,,
11/10/2020,21.08,21.08,,,,,,
11/11/2020,19.60,19.60,,,,,,
11/12/2020,19.91,19.91,,,,,,
11/13/2020,19.66,19.66,,,,,,
11/16/2020,19.49,19.49,,,,,,
11/17/2020,19.13,19.13,,,,,,
11/18/2020,17.81,17.81,,,,,,
11/19/2020,18.44,18.44,,,,,,
11/20/2020,18.06,18.06,,,,,,
11/23/2020,18.76,18.76,,,,,,
11/24/2020,18.17,18.17,,,,,,
11/25/2020,17.59,17.59,,,,,,
11/26/2020,16.79,16.79,,,,,,
11/27/2020,16.55,16.55,,,,,,
11/30/2020,18.29,18.29,,,,,,
12/1/2020,17.55,17.55,,,,,,
12/2/2020,17.58,17.58,,,,,,
12/3/2020,17.50,17.50,,,,,,
12/4/2020,17.05,17.05,,,,,,
12/7/2020,17.67,17.67,,,,,,
12/8/2020,17.12,17.12,,,,,,
12/9/2020,16.83,16.83,,,,,,
12/10/2020,17.14,17.14,,,,,,
12/11/2020,19.41,19.41,,,,,,
12/14/2020,18.66,18.66,,,,,,
12/15/2020,17.95,17.95,,,,,,
12/16/2020,17.19,17.19,,,,,,
12/17/2020,17.52,17.52,,,,,,
12/18/2020,18.07,18.07,,,,,,
12/21/2020,21.90,21.90,,,,,,
12/22/2020,20.66,20.66,,,,,,
12/23/2020,19.41,19.41,,,,,,
12/28/2020,18.15,18.15,,,,,,
12/29/2020,18.44,18.44,,,,,,
12/30/2020,18.58,18.58,,,,,,
1/4/2021,20.13,20.13,,,,,,
1/5/2021,20.58,20.58,,,,,,
1/6/2021,17.65,17.65,,,,,,
1/7/2021,17.11,17.11,,,,,,
1/8/2021,17.02,17.02,,,,,,
1/11/2021,18.08,18.08,,,,,,
1/12/2021,18.00,18.00,,,,,,
1/13/2021,17.38,17.38,,,,,,
1/14/2021,16.50,16.50,,,,,,
1/15/2021,18.01,18.01,,,,,,
1/18/2021,17.77,17.77,,,,,,
1/19/2021,17.79,17.79,,,,,,
1/20/2021,16.42,16.42,,,,,,
1/21/2021,15.74,15.74,,,,,,
1/22/2021,16.62,16.62,,,,,,
1/25/2021,20.75,20.75,,,,,,
1/26/2021,19.38,19.38,,,,,,
1/27/2021,22.11,22.11,,,,,,
1/28/2021,21.72,21.72,,,,,,
1/29/2021,23.85,23.85,,,,,,
2/1/2021,22.51,22.51,,,,,,
2/2/2021,19.86,19.86,,,,,,
2/3/2021,19.17,19.17,,,,,,
2/4/2021,17.95,17.95,,,,,,
2/5/2021,17.30,17.30,,,,,,
2/8/2021,17.13,17.13,,,,,,
2/9/2021,17.36,17.36,,,,,,
2/10/2021,18.02,18.02,,,,,,
2/11/2021,17.28,17.28,,,,,,
2/12/2021,16.26,16.26,,,,,,
2/15/2021,15.96,15.96,,,,,,
2/16/2021,16.44,16.44,,,,,,
2/17/2021,16.92,16.92,,,,,,
2/18/2021,17.42,17.42,,,,,,
2/19/2021,15.71,15.71,,,,,,
2/22/2021,17.50,17.50,,,,,,
2/23/2021,18.40,18.40,,,,,,
2/24/2021,17.29,17.29,,,,,,
2/25/2021,17.59,17.59,,,,,,
2/26/2021,19.98,19.98,,,,,,
3/1/2021,17.26,17.26,,,,,,
3/2/2021,17.24,17.24,,,,,,
3/3/2021,17.12,17.12,,,,,,
3/4/2021,17.33,17.33,,,,,,
3/5/2021,19.34,19.34,,,,,,
3/8/2021,16.31,16.31,,,,,,
3/9/2021,15.81,15.81,,,,,,
3/10/2021,15.57,15.57,,,,,,
3/11/2021,15.02,15.02,,,,,,
3/12/2021,15.01,15.01,,,,,,
3/15/2021,14.98,14.98,,,,,,
3/16/2021,13.80,13.80,,,,,,
3/17/2021,14.01,14.01,,,,,,
3/18/2021,14.85,14.85,,,,,,
3/19/2021,15.22,15.22,,,,,,
3/22/2021,14.63,14.63,,,,,,
3/23/2021,14.28,14.28,,,,,,
3/24/2021,14.31,14.31,,,,,,
3/25/2021,14.84,14.84,,,,,,
3/26/2021,13.53,13.53,,,,,,
3/29/2021,14.05,14.05,,,,,,
3/30/2021,13.85,13.85,,,,,,
3/31/2021,13.35,13.35,,,,,,
4/1/2021,12.84,12.84,,,,,,
4/6/2021,12.60,12.60,,,,,,
4/7/2021,12.53,12.53,,,,,,
4/8/2021,12.24,12.24,,,,,,
4/9/2021,12.11,12.11,,,,,,
4/12/2021,12.47,12.47,,,,,,
4/13/2021,11.86,11.86,,,,,,
4/14/2021,11.62,11.62,,,,,,
4/15/2021,11.68,11.68,,,,,,
4/16/2021,11.53,11.53,,,,,,
4/19/2021,12.41,12.41,,,,,,
4/20/2021,14.89,14.89,,,,,,
4/21/2021,13.72,13.72,,,,,,
4/22/2021,12.64,12.64,,,,,,
4/23/2021,12.70,12.70,,,,,,
4/26/2021,13.60,13.60,,,,,,
4/27/2021,13.84,13.84,,,,,,
4/28/2021,13.71,13.71,,,,,,
4/29/2021,14.27,14.27,,,,,,
4/30/2021,15.16,15.16,,,,,,
5/3/2021,14.64,14.64,,,,,,
5/4/2021,16.86,16.86,,,,,,
5/5/2021,15.09,15.09,,,,,,
5/6/2021,15.48,15.48,,,,,,
5/7/2021,14.16,14.16,,,,,,
5/10/2021,14.22,14.22,,,,,,
5/11/2021,17.34,17.34,,,,,,
5/12/2021,17.96,17.96,,,,,,
5/13/2021,18.04,18.04,,,,,,
5/14/2021,15.45,15.45,,,,,,
5/17/2021,16.50,16.50,,,,,,
5/18/2021,16.05,16.05,,,,,,
5/19/2021,19.18,19.18,,,,,,
5/20/2021,17.10,17.10,,,,,,
5/21/2021,15.59,15.59,,,,,,
5/24/2021,15.50,15.50,,,,,,
5/25/2021,15.01,15.01,,,,,,
5/26/2021,14.69,14.69,,,,,,
5/27/2021,14.09,14.09,,,,,,
5/28/2021,13.68,13.68,,,,,,
5/31/2021,14.75,14.75,,,,,,
6/1/2021,14.71,14.71,,,,,,
6/2/2021,14.10,14.10,,,,,,
6/3/2021,14.35,14.35,,,,,,
6/4/2021,13.67,13.67,,,,,,
6/7/2021,13.79,13.79,,,,,,
6/8/2021,13.90,13.90,,,,,,
6/9/2021,13.65,13.65,,,,,,
6/10/2021,13.20,13.20,,,,,,
6/11/2021,12.12,12.12,,,,,,
6/14/2021,12.49,12.49,,,,,,
6/15/2021,12.78,12.78,,,,,,
6/16/2021,12.47,12.47,,,,,,
6/17/2021,12.69,12.69,,,,,,
6/18/2021,15.46,15.46,,,,,,
6/21/2021,15.16,15.16,,,,,,
6/22/2021,14.15,14.15,,,,,,
6/23/2021,14.55,14.55,,,,,,
6/24/2021,13.92,13.92,,,,,,
6/25/2021,13.36,13.36,,,,,,
6/28/2021,13.74,13.74,,,,,,
6/29/2021,13.30,13.30,,,,,,
6/30/2021,14.15,14.15,,,,,,
7/1/2021,14.19,14.19,,,,,,
7/2/2021,13.34,13.34,,,,,,
7/5/2021,13.23,13.23,,,,,,
7/6/2021,14.44,14.44,,,,,,
7/7/2021,13.66,13.66,,,,,,
7/8/2021,15.90,15.90,,,,,,
7/9/2021,14.13,14.13,,,,,,
7/12/2021,13.51,13.51,,,,,,
7/13/2021,13.24,13.24,,,,,,
7/14/2021,13.09,13.09,,,,,,
7/15/2021,14.66,14.66,,,,,,
7/16/2021,15.17,15.17,,,,,,
7/19/2021,19.87,19.87,,,,,,
7/20/2021,18.49,18.49,,,,,,
7/21/2021,16.52,16.52,,,,,,
7/22/2021,15.16,15.16,,,,,,
7/23/2021,13.17,13.17,,,,,,
7/26/2021,15.02,15.02,,,,,,
7/27/2021,16.33,16.33,,,,,,
7/28/2021,15.27,15.27,,,,,,
7/29/2021,14.78,14.78,,,,,,
7/30/2021,15.74,15.74,,,,,,
,,,,,,,,
,,,,,,,,
,,,,,,,,
,,,,,,,,
,,,,,,,,
,,,,,,,,
,,,,,,,,
,,,,,,,,
,,,,,,,,
,,,,,,,,
,,,,,,,,
,,,,,,,,
,,,,,,,,
,,,,,,,,
,,,,,,,,
,,,,,,,,
,,,,,,,,
,,,,,,,,
,,,,,,,,
,,,,,,,,
,,,,,,,,
,,,,,,,,
,,,,,,,,
,,,,,,,,
,,,,,,,,
,,,,,,,,
,,,,,,,,
,,,,,,,,
,,,,,,,,
,,,,,,,,
,,,,,,,,
,,,,,,,,
,,,,,,,,
,,,,,,,,
