Date,Volume,realized_volatility,implied_volatility
2017-02-02,-23537.995587038924,8.83790284053558,16.1939
2017-02-03,-54932.738896717085,9.46472089475578,15.133199999999999
2017-02-06,488004.00757100736,11.44048874454268,16.4328
2017-02-07,64470.445164640085,8.55238905185003,16.9147
2017-02-08,374958.1599796572,12.01538775150306,16.831
2017-02-09,347900.824585233,11.04912340136576,15.2973
2017-02-10,117599.64404429146,10.07636058531264,15.1125
2017-02-13,264101.4125846067,7.364426260377741,14.804300000000001
2017-02-14,-114973.18208928674,7.554019423854159,14.646899999999999
2017-02-15,90938.45834042632,7.82133341028254,14.682899999999998
2017-02-16,196425.4123495071,9.47904075911214,15.399899999999999
2017-02-17,307455.4398658739,9.67785823134536,14.8315
2017-02-20,-224212.98395846636,7.81037466484175,14.89059999999999
2017-02-21,53996.650256879744,8.42037305514023,14.5706
2017-02-22,133790.66974295024,10.09163592811904,14.8577
2017-02-23,103674.02908531053,7.20663014510228,15.457799999999999
2017-02-24,401219.5093653733,11.38056542810636,15.8552
2017-02-27,-7302.880131790764,8.73545235499991,16.0402
2017-02-28,5945.867063380312,6.28360108783153,16.2849
2017-03-01,360610.4953562332,11.45018772958957,15.3905
2017-03-02,-98541.75890324404,6.40535830431314,15.2754
2017-03-03,117769.52192587475,9.39735898937328,15.27079999999999
2017-03-06,-175599.26796319347,7.8102561081268504,15.768299999999998
2017-03-07,-424110.0224967762,6.7881362329274095,15.371799999999999
2017-03-08,67199.80386968213,10.81244665722104,14.9751
2017-03-09,-87825.16296929843,9.77699696414247,15.2123
2017-03-10,426723.7041284037,9.65269661001042,15.3441
2017-03-13,233248.37355596456,5.68619663900677,15.5803
2017-03-14,890098.4041609948,8.788873618667969,15.9737
2017-03-15,292928.2711698937,6.06101733917252,15.598300000000002
2017-03-16,494041.04963306896,11.46077329666992,11.5181
2017-03-17,-118204.38668806758,7.89829584426501,11.1647
2017-03-20,-54309.08250552975,6.667157304319191,13.079699999999999
2017-03-21,529611.6044093668,11.60944405283308,13.7745
2017-03-22,327261.4602267763,11.57788720032709,14.5148
2017-03-23,261124.19980281987,8.43110717741006,15.0982
2017-03-24,-7079.939771613921,6.8381780469707,15.1975
2017-03-27,186998.02999515636,10.31927046835766,16.3493
2017-03-28,111279.73799107644,6.913225895862,15.8635
2017-03-29,112719.11191810144,6.974672334089741,15.9304
2017-03-30,-116303.25983220608,5.56679758019303,16.1041
2017-03-31,332005.9697653566,6.66929500168222,16.52209999999999
2017-04-03,473953.80118739,6.34876873889133,17.9597
2017-04-04,-56879.17095316062,7.309740339377541,18.005
2017-04-05,229186.5372006985,9.214322369636442,18.52049999999999
2017-04-06,266927.1444498437,10.33289040832437,18.8703
2017-04-07,128963.87399527186,9.86183030875745,19.5373
2017-04-10,-29828.179740216816,5.84696096533796,22.0934
2017-04-11,504280.7601375835,12.661859572235832,22.9518
2017-04-12,54502.82517579757,8.85862368016537,22.7155
2017-04-13,187204.454711266,8.09903651030929,23.3883
2017-04-18,488711.7818876422,10.24240195532205,25.5942
2017-04-19,79521.83860154671,6.29343259724045,24.202099999999998
2017-04-20,397355.2293741997,9.53882919923786,24.8992
2017-04-21,579996.4499915837,10.489998800410449,25.092799999999997
2017-04-24,1488624.6051372057,20.94003219533436,16.246299999999998
2017-04-25,402649.10814207874,6.862229747254981,15.419599999999999
2017-04-26,219705.4922425133,6.41953430903924,15.584000000000001
2017-04-27,-19934.66327610309,7.13555449114931,16.107
2017-04-28,74879.1560664872,6.896649510684651,17.04949999999999
2017-05-02,-146600.53376142902,6.18886192518769,17.2673
2017-05-03,-243996.35087846487,5.12468257817153,17.3982
2017-05-04,271636.0467713595,7.1244163932793,16.484299999999998
2017-05-05,360266.4126535759,8.01544314087737,17.0143
2017-05-08,367022.26832082425,9.93437619577381,14.393
2017-05-09,16541.81510635151,5.48841560338683,14.0868
2017-05-10,-62033.36088292219,4.94159877384225,14.0655
2017-05-11,309647.4129183629,10.553865296663261,14.3491
2017-05-12,-147395.65843068413,5.854170471567341,13.8689
2017-05-15,-38000.780690844986,6.6465559267040994,14.2041
2017-05-16,-63957.26617284387,5.70657978870386,13.540099999999999
2017-05-17,702143.4834525784,13.45873604864165,16.1438
2017-05-18,828655.5466573684,14.189583183165242,17.0825
2017-05-19,168466.68336944445,7.20801290758692,15.4679
2017-05-22,-128702.63125918654,6.9131277781615,14.8259
2017-05-23,-79957.88784813124,7.625594324113311,13.8428
2017-05-24,-348849.7591701662,6.432083293603121,13.875699999999998
2017-05-25,-190631.29063209647,10.96094557190775,13.9599
2017-05-26,-232203.7011563247,8.5028159494675,13.854700000000001
2017-05-29,-690686.9814577795,5.00021900114126,14.178099999999999
2017-05-30,-198038.12507071396,12.620990147934991,14.4715
2017-05-31,179769.61241784832,11.3104691732366,14.5538
2017-06-01,-287947.5326459198,8.17335946814959,13.622699999999998
2017-06-02,-37584.1426210918,10.686583483390349,13.334499999999998
2017-06-05,-747789.823316358,3.9322537560385498,13.9431
2017-06-06,-346698.46865423163,9.69915917236532,14.386199999999999
2017-06-07,-260727.53309397143,10.3951841210236,14.6073
2017-06-08,-410365.3907372428,9.95641571780565,14.0799
2017-06-09,-176048.41444383145,15.60200680815394,13.392599999999998
2017-06-12,474766.3641775313,9.870238491802679,14.51019999999999
2017-06-13,939780.5039801782,7.59170160679765,13.558700000000002
2017-06-14,732815.4801819252,10.5392030171998,13.9464
2017-06-15,332457.3678417634,13.97732971733021,14.9445
2017-06-16,-105791.95928557124,8.39999229482336,13.74419999999999
2017-06-19,96668.93482501652,11.201470494488,13.032499999999999
2017-06-20,28392.801437114016,7.637095588345449,14.0291
2017-06-21,74317.68785629317,10.44635515751655,14.178799999999999
2017-06-22,-117826.43464786372,8.0840034649742,14.032800000000002
2017-06-23,-143814.74845013022,10.096813925150409,14.22139999999999
2017-06-26,-75225.89333462506,8.31761786145912,13.656699999999999
2017-06-27,4581.559772912646,10.75750906580146,14.774300000000002
2017-06-28,178746.77661327377,13.706661538867829,14.8525
2017-06-29,610163.4599115382,16.551419640243008,17.6032
2017-06-30,372351.167205554,12.47484308055349,17.2533
2017-07-03,-14286.45956932532,7.331042312354639,14.4888
2017-07-04,-403225.1177881387,6.38953194822017,14.392900000000001
2017-07-05,-105438.53178341046,10.45282662358971,14.7011
2017-07-06,176111.01317774644,11.25470505525516,15.472199999999999
2017-07-07,-189048.95966470847,7.084651055774111,15.1824
2017-07-10,-212990.25222038303,7.985925810517889,14.783
2017-07-11,-206570.93143211436,7.60521560333626,14.773200000000001
2017-07-12,3020.1545281087747,9.00914479370971,13.7485
2017-07-13,-166912.18568351516,6.501531811970571,13.122800000000002
2017-07-14,-307028.24649998976,6.1787833634173905,12.650400000000001
2017-07-17,-118219.18217130937,8.88956686674066,12.6334
2017-07-18,175748.1608956532,9.91146638614927,13.684099999999999
2017-07-19,-168451.15551317565,7.74637809032617,13.2685
2017-07-20,230905.25761552376,11.2666279018983,13.0879
2017-07-21,433554.0048029716,13.44135153417835,15.3262
2017-07-24,34805.22471082199,12.206573882490849,15.082699999999999
2017-07-25,-78867.5494877334,9.006900118426229,13.6357
2017-07-26,-248650.04718476447,9.77053370135387,12.9971
2017-07-27,-155292.3066771644,8.004384464254361,12.7697
2017-07-28,-78887.1057809859,11.55833897769372,13.7331
2017-07-31,-23856.287140299915,7.51996980641469,13.9033
2017-08-01,-75377.26343672199,10.94580241031589,13.4724
2017-08-02,-234032.7241389629,9.360783703175771,13.753099999999998
2017-08-03,-208528.9700743436,9.14486303359943,13.7302
2017-08-04,-70716.24777733232,11.69597100520927,13.065399999999999
2017-08-07,-388567.035695289,6.52154072791772,13.1992
2017-08-08,-331452.13249496685,7.0941394616664,12.7883
2017-08-09,191548.04792673967,13.186924286017309,15.0152
2017-08-10,137412.17814281967,10.998865464226661,18.9131
2017-08-11,303424.4632085676,12.59171137571734,19.3101
2017-08-14,56187.697363201645,9.93437647542107,15.6664
2017-08-15,-265800.4317040023,7.74466228193311,14.880099999999999
2017-08-16,-131279.3256675998,5.26631139150706,14.2468
2017-08-17,30273.09395579982,11.061147196035071,15.3859
2017-08-18,298323.5870788561,13.64582479655549,17.5746
2017-08-21,-41041.3711387947,10.24071949096265,18.5553
2017-08-22,-337835.2713129445,7.786373667576959,16.412
2017-08-23,-266624.78621636983,8.626117860638919,16.2275
2017-08-24,-375070.9612673199,7.43554131761792,15.6665
2017-08-25,-392589.0153767532,9.17281509458217,15.3262
2017-08-28,-429137.9392672278,8.75802811063995,15.85079999999999
2017-08-29,149722.27353844745,11.439711116996799,17.3169
2017-08-30,-349093.6325581954,10.48990416051445,16.468
2017-08-31,-274530.4212109833,7.07807673059081,15.6317
2017-09-01,-385656.6747713604,8.30112809964152,14.7167
2017-09-04,-748249.9990518317,6.91790355797129,16.2117
2017-09-05,-372840.2879749104,9.43127276322733,16.4848
2017-09-06,-438342.9959998552,10.23685261691042,16.3786
2017-09-07,-19588.49723023898,10.91043772687944,15.148200000000001
2017-09-08,-489619.16452394007,8.98604728615682,15.198999999999998
2017-09-11,328353.97051412496,7.40138508871449,13.96
2017-09-12,644822.466727752,5.18349225019644,13.4464
2017-09-13,355550.7993462013,5.44923523882875,13.04229999999999
2017-09-14,53966.04341892712,7.050047985296031,12.27389999999999
2017-09-15,-238146.9272945663,8.71498093795338,12.1972
2017-09-18,-128306.67677776668,6.47113450968191,11.943
2017-09-19,-234103.45373561548,4.40974119892919,11.7216
2017-09-20,-210225.2109169002,5.35189860738688,11.7949
2017-09-21,-224657.97700626217,5.20064848031883,11.1906
2017-09-22,-355262.9343784749,6.303473703775719,11.708
2017-09-25,-146676.72285580426,6.79700624454125,12.366299999999999
2017-09-26,-228305.91334110103,5.35300479106491,12.5406
2017-09-27,-139277.34007831558,5.48060258234367,12.1282
2017-09-28,-317932.30037288566,4.76653459121131,12.125899999999989
2017-09-29,-10551.23666407494,5.0465409074787795,12.1208
2017-10-02,-44796.507024159306,4.81731949705814,12.1739
2017-10-03,-568280.8088281759,3.0745570506582,11.8365
2017-10-04,-189897.8664010252,5.50621947869439,12.7752
2017-10-05,-281324.9650327028,6.57474311158765,12.086999999999989
2017-10-06,-260942.5814603628,5.44660205064927,12.5055
2017-10-09,-322645.5176012424,5.60901091264309,12.610199999999999
2017-10-10,-149202.84040580818,5.82381360331528,13.39439999999999
2017-10-11,-275957.3980307901,5.19096316627238,12.6695
2017-10-12,-449674.38181998977,4.12131358930253,12.3247
2017-10-13,-288621.08622929885,5.48128419761433,11.845799999999999
2017-10-16,-324610.6654858235,4.48139838424003,11.9037
2017-10-17,-320598.96599643666,4.906331158934369,11.62989999999999
2017-10-18,-347830.92599047057,4.76553739744981,11.05139999999999
2017-10-19,152936.84354539437,7.09440147656469,12.4435
2017-10-20,-250965.0528523629,6.976107974309791,12.2167
2017-10-23,-194587.4765297176,7.1835009487514005,12.590399999999999
2017-10-24,-337692.894313478,6.526753000254761,12.94239999999999
2017-10-25,12052.964404285767,8.06933284504202,14.5349
2017-10-26,361030.0613266808,11.05957352319034,12.915899999999999
2017-10-27,318168.61863765423,8.58624528623246,12.4951
2017-10-30,-264490.20630686486,5.06519651189042,12.8308
2017-10-31,-453459.8261884919,3.95843454526864,11.9864
2017-11-01,17019.069516432704,6.22667102609446,11.7924
2017-11-02,-150792.8200041531,6.2557260692147,12.0219
2017-11-03,-348136.74129234697,5.88638552110543,11.56349999999999
2017-11-06,-296186.1727955088,6.59704262490605,11.6934
2017-11-07,40029.08681197895,6.909799717044759,12.13369999999999
2017-11-08,-4710.37634389021,6.998495184155799,12.4069
2017-11-09,587879.1102869847,12.75298924589612,13.9158
2017-11-10,159150.75176371285,8.44901929865561,14.453
2017-11-13,257831.34233314183,10.56185303077279,14.3816
2017-11-14,36239.56968073279,10.2309005462985,15.234800000000002
2017-11-15,348466.03213193023,11.20873787766897,15.5778
2017-11-16,-13456.191833689923,8.45212875119484,15.029100000000001
2017-11-17,-61151.34229583875,9.53835476464055,14.7428
2017-11-20,19082.0559013054,9.22880637540224,13.703899999999999
2017-11-21,8311.512141950545,8.583455582214421,12.9355
2017-11-22,-201338.6463504946,8.05825444278475,12.8717
2017-11-23,-97312.46498283488,9.841267118606261,12.7296
2017-11-24,-158107.1626774734,8.44737507468239,12.8582
2017-11-27,-103175.73015315308,10.644656526217119,13.5459
2017-11-28,-322801.1609364976,9.45586951637654,12.8773
2017-11-29,-63357.71061834553,10.43692071553393,13.5436
2017-11-30,59773.85714366147,9.72062706739775,13.470799999999999
2017-12-01,659455.959996172,16.97944720504421,16.0124
2017-12-04,-175419.0078695044,10.20217372326865,13.7242
2017-12-05,-479672.9403796955,9.70080886687774,13.158700000000001
2017-12-06,-374976.2919898455,10.551204463198,13.9107
2017-12-07,-580371.4368073416,6.76732035360618,13.4513
2017-12-08,-431616.7476862478,6.84862913696455,12.848399999999998
2017-12-11,147379.74376661214,6.3837946385410795,12.923599999999999
2017-12-12,416484.5963950341,8.62227214284629,12.4734
2017-12-13,238639.28542637103,6.65190283626504,12.7344
2017-12-14,-117362.11408801565,9.437792353806431,12.263499999999999
2017-12-15,-292141.72838576045,8.96975644079339,11.792
2017-12-18,91048.87855060249,7.18264683946516,10.6783
2017-12-19,-220993.5419924514,5.87038279445279,11.19699999999999
2017-12-20,-127714.9427589412,10.70374676193709,12.5108
2017-12-21,-327556.35243350826,7.13647368080113,11.7371
2017-12-22,-610850.9534061849,6.37347301176594,12.0057
2017-12-27,-358076.3354046324,6.424387979088319,12.714300000000001
2017-12-28,-287315.52659183345,5.97993044288205,13.6229
2017-12-29,-145433.59692188248,5.26333119735439,13.511400000000002
2018-01-02,-157761.89373378654,10.08945764584316,13.3676
2018-01-03,-183686.4736101809,7.97378311903478,12.13669999999999
2018-01-04,143069.96956122888,8.53290138456742,11.410499999999999
2018-01-05,38321.667055308,8.974676013271871,11.1245
2018-01-08,-34528.39123470441,7.1320163474451705,11.4954
2018-01-09,-172818.77632725844,6.6206415064672495,11.262
2018-01-10,167595.9636522471,8.91373328737809,11.759
2018-01-11,-52020.25894950901,8.42322471867916,11.3595
2018-01-12,-103256.58245597908,7.40793620048374,10.9024
2018-01-15,-322074.14078286535,6.12312403821202,11.072699999999989
2018-01-16,33719.58895180002,8.42093434775421,11.3466
2018-01-17,38526.24096491502,9.58252275013734,11.9473
2018-01-18,-699.6247601155192,8.64312415277465,11.9883
2018-01-19,21113.074019737654,8.52442288489139,11.8533
2018-01-22,-157293.88668382994,5.77414415410928,11.9678
2018-01-23,-161696.40360884147,8.48104020548022,11.95079999999999
2018-01-24,-157815.94359180378,6.96567461934538,12.3924
2018-01-25,53599.34626233566,11.09447941589837,12.690999999999999
2018-01-26,-359873.0722233292,7.03860501453122,12.4779
2018-01-29,-308722.214215099,6.3487840206403305,13.292699999999998
2018-01-30,-427.4037612096872,9.76221760444119,14.811
2018-01-31,-106450.49003544149,6.38099653682558,15.1644
2018-02-01,268944.39855916286,12.863770647137422,16.13939999999999
2018-02-02,401151.7779680023,11.3445487715274,17.5594
2018-02-05,830047.6729710224,12.3124865469649,18.855
2018-02-06,2248445.496981931,40.92283395151005,30.177100000000003
2018-02-07,767840.9321085319,15.60147376514032,21.3656
2018-02-08,943513.2141368644,18.76162815409997,32.04019999999999
2018-02-09,1487045.4730424476,24.129184907546488,34.737
2018-02-12,473772.0091808596,14.15271938200082,28.162599999999998
2018-02-13,230844.20934322872,13.745440167703979,25.9501
2018-02-14,521039.2072385664,22.87114992663096,20.705299999999998
2018-02-15,200043.51133948937,11.99331996106827,20.515799999999988
2018-02-16,200205.73798136145,11.76459309772289,17.7606
2018-02-19,-422674.8002693454,8.05391734228108,19.12829999999999
2018-02-20,-157297.31070347142,10.94556595792594,18.6401
2018-02-21,-262431.1047508253,9.87336568643987,18.648899999999998
2018-02-22,-50229.993022186914,13.14577175298397,18.6903
2018-02-23,-349008.537487261,8.254240584578671,18.1752
2018-02-26,-278591.6966816103,8.07428400181008,16.7709
2018-02-27,-109983.80178245646,10.01138128593046,17.5944
2018-02-28,-45508.143066114746,9.238231704331799,18.0002
2018-03-01,473984.0029935143,15.09017068989925,20.5673
2018-03-02,371999.57150445087,14.51382141549149,23.38599999999999
2018-03-05,162312.02111688396,15.22293149714411,18.89219999999999
2018-03-06,-93708.6975858002,13.14924803710878,18.6852
2018-03-07,93244.7616795979,14.93846954492859,18.15459999999999
2018-03-08,264855.507347323,11.64545358885416,16.6065
2018-03-09,-61159.4258685871,12.33023462881177,15.4054
2018-03-12,323336.2218174513,11.327619969007701,15.4002
2018-03-13,1169574.790535264,10.480326092951971,16.61949999999999
2018-03-14,302671.83606924536,12.36564295444111,16.910599999999988
2018-03-15,-686688.9589464006,9.781358360030799,15.224599999999999
2018-03-16,-1669278.1070236976,8.38333512644464,13.38899999999999
2018-03-19,-523424.4186952186,11.8720435511464,16.4988
2018-03-20,-436089.1046752501,11.33139806598173,15.3836
2018-03-21,506180.63743893895,8.84492055606402,14.8531
2018-03-22,574293.9758114258,14.24664116159894,18.55099999999999
2018-03-23,711010.7674656297,18.16401592233375,21.0758
2018-03-26,305211.6684457789,12.896786715435429,22.054299999999998
2018-03-27,134996.3076627073,12.767242351625748,18.97609999999999
2018-03-28,556179.6128031112,15.89165834736087,19.6857
2018-03-29,205436.17227381383,11.11713598155743,17.4364
2018-04-03,83152.3330847536,12.52078072743715,18.814599999999988
2018-04-04,242382.45285212388,14.91324517284878,19.5763
2018-04-05,316614.05480825296,10.99808528508292,16.9025
2018-04-06,89570.69418312039,11.48465412435591,17.436799999999998
2018-04-09,51421.87552894524,10.83425797587945,17.352999999999998
2018-04-10,-89492.10658791906,10.26348585653499,16.3164
2018-04-11,-175289.87199332938,9.11612228157785,16.9837
2018-04-12,-202595.35800359084,8.22998355959283,15.8108
2018-04-13,-176729.36175199784,6.765254753874229,15.2974
2018-04-16,-167676.15811984974,6.83845719830223,14.5036
2018-04-17,-28238.54260576598,6.63707456327145,13.288
2018-04-18,-110573.5546784827,6.01447814359381,13.0383
2018-04-19,-195505.23268482136,6.996632539158119,13.7415
2018-04-20,-211281.08084642887,9.67887840345443,13.755999999999998
2018-04-23,-231055.99447979883,7.228053473537729,13.32799999999999
2018-04-24,-205802.56025391747,8.580244812803791,13.408600000000002
2018-04-25,-36105.244947733125,12.34397256519668,14.6576
2018-04-26,-243954.46924534137,8.8681048885388,13.6785
2018-04-27,-330371.7186817429,8.23405341409038,13.131499999999999
2018-04-30,-147987.8344129793,5.351710309084861,13.715399999999999
2018-05-02,-143609.36319230753,7.016036061889561,13.528200000000002
2018-05-03,-227086.03432147484,7.11586061617446,14.45759999999999
2018-05-04,-301461.7372182503,7.35621867041119,13.4198
2018-05-07,-453196.950337623,6.05929701346675,13.3159
2018-05-08,-355439.47233871697,6.74617628704447,13.7161
2018-05-09,-357013.71710316767,5.60015865757894,13.352900000000002
2018-05-10,-444913.0120846888,7.90692709739953,12.8229
2018-05-11,-458584.1522127276,6.593155055500779,12.4351
2018-05-14,-261719.34325569484,6.76250455938255,12.6448
2018-05-15,-238270.8975205,6.682924952595839,12.676499999999999
2018-05-16,-114202.2166740694,6.9055440490191895,13.572499999999991
2018-05-17,-40354.22225208604,5.85712940915474,13.0848
2018-05-18,79211.84567718371,10.93553314655755,13.9673
2018-05-21,-490576.5377342537,4.36475026307451,13.7761
2018-05-22,-196096.8631060049,7.579926717881371,12.984499999999999
2018-05-23,317170.19679296855,11.78893694707978,15.0616
2018-05-24,-16416.403451767983,9.91018201593474,15.6902
2018-05-25,75020.11724119727,12.84266090712162,16.0228
2018-05-28,-356432.2318430641,12.155608358766159,17.7786
2018-05-29,827074.55576501,21.75219151118483,20.154499999999988
2018-05-30,297187.2244707658,14.65868669001073,18.341099999999997
2018-05-31,391502.01062419126,17.631201161124217,17.65469999999999
2018-06-01,-10938.668131879764,11.53659068442793,15.6231
2018-06-04,-372807.417608045,10.03895704506439,14.364099999999999
2018-06-05,-263627.13172872504,11.16612882449829,14.7988
2018-06-06,-144035.2649493639,10.24533374931979,14.798900000000001
2018-06-07,-408511.1913735343,10.10797095989982,14.4204
2018-06-08,-113027.28386483667,12.854535881038059,14.9616
2018-06-11,285079.42597562703,7.584159477171109,13.991699999999991
2018-06-12,1061774.4969954677,9.40866748969996,13.688500000000001
2018-06-13,106287.40441726916,6.69328763190542,13.197999999999999
2018-06-14,10006.223293347284,12.85545904060871,11.4418
2018-06-15,-270675.1726148864,9.22694490974888,12.1297
2018-06-18,129628.20267047267,10.64717321328127,13.763
2018-06-19,225027.66596313647,11.47714116162082,14.86849999999999
2018-06-20,-31683.45162469044,8.78366832679245,13.98339999999999
2018-06-21,187952.4010541977,12.42907204231462,16.0901
2018-06-22,-56986.52946793614,11.30455415794057,14.2065
2018-06-25,213205.9777174726,14.15386255090868,17.87269999999999
2018-06-26,-58201.81240871118,9.70936444378301,17.24109999999999
2018-06-27,494712.41725692793,18.43972952402341,17.18019999999999
2018-06-28,189648.637999231,15.49761710274259,18.4191
2018-06-29,172367.66745868325,16.6654214549186,16.63329999999999
2018-07-02,-5380.1341793516185,16.139781717961398,17.99589999999999
2018-07-03,-239326.337825354,12.506778950294459,16.390899999999988
2018-07-04,-677767.7777309036,5.7681053807384,16.2213
2018-07-05,-7287.751186178997,10.66665357567565,15.731
2018-07-06,-219472.700638074,10.163735482422501,14.7428
2018-07-09,-289783.9841664933,8.450870788191219,14.0711
2018-07-10,-228215.29913121543,7.46176445251214,12.9935
2018-07-11,-91248.36988002912,12.97913234394304,14.5961
2018-07-12,-181664.48167241225,8.42445623921331,13.4596
2018-07-13,-322554.1112607778,7.3804042053566805,12.803500000000001
2018-07-16,-219821.060562363,6.96476547570197,13.0323
2018-07-17,-129513.39653526376,8.815624941102369,12.556000000000001
2018-07-18,-131319.96732095128,8.45953602883627,11.9617
2018-07-19,-265151.9642784856,7.97771957606796,12.8476
2018-07-20,102368.3181514995,13.81981161835415,13.77469999999999
2018-07-23,-219571.27426573075,6.784811687976521,14.1892
2018-07-24,-90415.58795230812,9.476046982543181,12.72589999999999
2018-07-25,-221361.5611070476,7.3543228684011295,13.5029
2018-07-26,-225709.8047318885,8.12680592679999,12.136099999999999
2018-07-27,-429091.7142979805,6.307291959283099,11.6594
2018-07-30,-391181.1511360408,7.488395978610719,12.7107
2018-07-31,-81197.58208050695,7.96109479999541,12.55959999999999
2018-08-01,-280298.7365310781,6.43436907842216,13.028
2018-08-02,-16513.652769388398,9.84436887253187,14.5051
2018-08-03,-434491.10862675007,7.68210431432316,13.397300000000001
2018-08-06,-374127.9467319747,9.52726831693603,13.469999999999999
2018-08-07,-518021.5797819367,6.41026261018197,12.626499999999998
2018-08-08,-494397.6972377177,7.04092037318539,12.8654
2018-08-09,-571125.599919009,7.61713544787907,12.4882
2018-08-10,263446.4656244621,13.915569838672551,15.1113
2018-08-13,-155866.97903940524,9.30647868619942,15.9406
2018-08-14,-372964.7325926232,9.17044088427714,15.861
2018-08-15,102651.79107935796,12.04711389831263,18.4755
2018-08-16,-258780.73545047245,8.1201116359851,16.2633
2018-08-17,-199411.1071382647,9.119654538469769,16.0982
2018-08-20,-350379.529733356,7.31080199163036,14.50189999999999
2018-08-21,-468729.3155502852,7.29952193095542,13.8748
2018-08-22,-483448.866263608,6.62931427295998,13.8512
2018-08-23,-579378.1033899339,6.55959799489155,13.6438
2018-08-24,-572920.2670166029,7.328282633796899,13.1882
2018-08-27,-462685.881983979,7.244959302795021,13.114899999999999
2018-08-28,-534404.4389078543,6.58907996692543,13.1602
2018-08-29,-548738.6105648195,6.915807224690861,12.9914
2018-08-30,-356791.4423616801,9.62365148622565,14.153199999999998
2018-08-31,-134833.15322083887,10.16203974574183,15.634300000000001
2018-09-03,-618643.7338610389,6.574301671661919,15.4945
2018-09-04,-59259.17780890362,12.40234623847629,16.3854
2018-09-05,26383.2593447282,12.617461789377348,17.28859999999999
2018-09-06,-59541.18605397036,10.65602313589419,17.1012
2018-09-07,-179568.0963659801,10.40512419308746,16.4546
2018-09-10,-424452.0773961768,8.1365179223469,15.8948
2018-09-11,-436720.0230708881,9.570910082769899,15.786200000000001
2018-09-12,-384242.3878455584,11.43792006092255,15.32349999999999
2018-09-13,-554482.5458237601,10.12395737305206,14.5934
2018-09-14,-756959.8698690939,8.41726544935291,13.8963
2018-09-17,150711.6084192458,8.954946689741421,14.5708
2018-09-18,301612.4478831475,9.93767904558289,14.356
2018-09-19,-217164.87625003583,7.80123673089571,13.5296
2018-09-20,85462.7110729646,7.507974041142621,13.184299999999999
2018-09-21,-288983.9163893005,7.6522795528078795,12.8151
2018-09-24,-172260.32262127253,6.6435824186309,13.732800000000001
2018-09-25,-397468.7563326614,7.75793882352906,13.1636
2018-09-26,-306564.17025222734,5.84655769088988,12.851799999999999
2018-09-27,-215183.59309512936,8.85107779574269,13.171
2018-09-28,438855.79276385903,12.87293355470967,14.763699999999998
2018-10-01,-204113.65245175152,7.43531798105967,14.233299999999998
2018-10-02,-98812.49968295894,12.18650324167672,15.4784
2018-10-03,-394958.5831737137,7.117367068054441,14.6064
2018-10-04,186.7997858058661,12.453495145682469,16.024899999999988
2018-10-05,-34764.79325892357,10.46591970434794,16.6807
2018-10-08,45991.27963508142,9.62920506187274,17.6264
2018-10-09,113406.3210775248,12.63826765802128,16.9002
2018-10-10,341944.60675113543,12.141008830842589,18.4029
2018-10-11,1385792.8513735472,22.55069038301142,21.2373
2018-10-12,431183.5781923472,14.53330739806487,20.2103
2018-10-15,97834.98530555693,11.95607537686467,19.07029999999999
2018-10-16,108466.00575508048,12.57079737963251,16.8341
2018-10-17,106524.79137655848,13.52039660681392,17.0163
2018-10-18,301961.15083381906,12.802172430054759,18.171199999999992
2018-10-19,411405.7896785992,16.86049629654563,18.7838
2018-10-22,75086.55367616378,13.375437237223439,19.3581
2018-10-23,677930.5964043813,17.210182906590752,21.3624
2018-10-24,352195.9796644368,15.58095549510862,21.9772
2018-10-25,581633.0924467614,17.869322782926787,20.7552
2018-10-26,806211.5393030937,18.85270984221972,23.7391
2018-10-29,419502.45887982834,13.567333445612862,22.2872
2018-10-30,193577.3843425277,16.82892428506004,22.2249
2018-10-31,295182.5863067515,14.61050018693032,20.3038
2018-11-01,77662.02648323611,13.188553599801281,18.995
2018-11-02,114920.92704066935,14.20247309770692,18.84799999999999
2018-11-05,-340918.5546497604,9.55333294587334,18.3296
2018-11-06,-350655.83128492744,12.82028085027015,18.1091
2018-11-07,-177186.5923259135,9.15062815932373,16.4264
2018-11-08,-280859.1386000393,9.20976896532614,15.881
2018-11-09,-164892.71663414384,10.596472431161349,16.3773
2018-11-12,-28298.80489084567,12.76723156363315,17.8587
2018-11-13,-30891.202029268723,12.788760900450399,17.029
2018-11-14,229978.67806132208,14.00751979510592,18.4549
2018-11-15,292452.5079424719,15.63043166948158,20.1522
2018-11-16,160265.49267328926,13.67993754530607,18.0762
2018-11-19,-75817.57351082179,12.77622453716058,18.032
2018-11-20,427893.997087044,17.77329726645451,19.9622
2018-11-21,13359.80278851604,13.569206795890171,18.2397
2018-11-22,-450073.0779268297,9.40577631428591,19.2881
2018-11-23,-390055.8851387037,11.71355751740571,18.9738
2018-11-26,-4906.143691284931,11.24863547662477,18.422799999999988
2018-11-27,-210584.34420036525,13.52457703668164,18.47899999999999
2018-11-28,-247964.1594425356,9.2365952234376,18.59519999999999
2018-11-29,-154632.63482841593,13.166375146147349,18.61
2018-11-30,-218691.98927277976,9.56062039045319,18.493499999999997
2018-12-03,93745.78650181508,11.57192517209724,16.9152
2018-12-04,-951.3010312546976,10.33625115392439,17.208499999999997
2018-12-05,-501927.507462828,9.6436107705909,19.0904
2018-12-06,862168.4035494537,18.46288512924418,24.6155
2018-12-07,104629.84965414624,14.16180526262385,21.668799999999997
2018-12-10,170962.2250387445,14.707383785985002,23.6592
2018-12-11,-107648.36422307928,14.48079403253587,21.0925
2018-12-12,-159238.3725829546,12.578932715749891,19.7254
2018-12-13,12110.825851731235,13.4764004569699,19.1773
2018-12-14,-105404.14177690027,13.35502556828799,19.1643
2018-12-17,431122.692924327,12.81877500446488,19.8187
2018-12-18,848990.8888030236,13.952975886499338,20.0366
2018-12-19,-115046.07891631848,9.67297780533945,19.6024
2018-12-20,323524.8648205232,16.740339855432147,20.732999999999997
2018-12-21,-268242.40622790065,17.49283178634765,20.3984
2018-12-27,405601.8016153671,18.57436460310998,25.6882
2018-12-28,278281.0182973716,15.069733374603961,23.8643
2019-01-02,-95282.85661251204,18.34716855108749,23.3924
2019-01-03,-38587.07964146743,17.76865942965604,22.997799999999998
2019-01-04,197300.17952596536,16.04359885440985,20.4827
2019-01-07,16624.118987807888,12.78057438135107,20.151
2019-01-08,31674.67178596428,12.02136461626695,19.4803
2019-01-09,-134262.01023629552,10.949842104896069,18.997
2019-01-10,-253901.11843040213,11.17161566023349,18.6879
2019-01-11,-219328.9472369892,11.24373171780397,17.418199999999988
2019-01-14,-142923.6508907918,10.63283636140056,17.8987
2019-01-15,-56175.07580631203,11.64638110152425,16.933399999999992
2019-01-16,-163831.16020525317,8.8553245129651,15.7177
2019-01-17,-203859.5150666663,10.86020841070417,15.406400000000001
2019-01-18,360057.4641382988,10.750508438166701,14.27999999999999
2019-01-21,-516717.0839363338,5.2558213746018305,15.384999999999998
2019-01-22,-284815.6261173722,8.533639030560849,15.9971
2019-01-23,-243435.8918045156,10.54579451571669,16.4792
2019-01-24,-118068.91927940004,11.30747716117574,15.5603
2019-01-25,-35828.4863657027,8.82421770678392,14.78229999999999
2019-01-28,-203463.43571512905,7.71058914336126,16.1551
2019-01-29,-395830.1799940339,8.23827176191765,16.0456
2019-01-30,-385932.4086863871,8.55929443319327,16.0154
2019-01-31,303336.5773957493,11.60045096481519,15.1126
2019-02-01,-243658.46829735185,10.20088381894101,13.9879
2019-02-04,-251793.02419779147,9.62951672306729,14.207500000000001
2019-02-05,-83172.88898758171,9.10429549246672,13.580800000000002
2019-02-06,-289137.4765483581,7.68505714851898,13.616
2019-02-07,353062.8856852392,12.76964593775528,16.1706
2019-02-08,-31036.59723531059,11.243016311516781,16.313199999999988
2019-02-11,-187786.1310669741,9.80474761570193,15.218599999999999
2019-02-12,-282645.0281204756,9.48909624923031,14.2814
2019-02-13,-198951.690066556,8.576242169326811,13.969500000000002
2019-02-14,188576.9615667311,12.689565909219288,15.756999999999998
2019-02-15,492716.68670730456,11.34299648357093,14.2944
2019-02-18,-537086.0394928291,6.00345730909735,14.5378
2019-02-19,-386895.7076570913,9.84983466486338,14.6143
2019-02-20,-327375.99054681417,9.12230808944021,14.2742
2019-02-21,-289865.933580247,9.77656913790955,14.344399999999998
2019-02-22,-517931.755675978,7.214206554353921,13.976700000000001
2019-02-25,-373030.44754893566,6.83248336252856,13.846400000000001
2019-02-26,-264126.0027333726,8.303959530584509,13.894200000000001
2019-02-27,-560490.6768124984,8.09679943016934,14.349700000000002
2019-02-28,-282916.2334515839,9.053022298442109,13.5876
2019-03-01,-223749.25499825852,8.44279987867093,13.370899999999999
2019-03-04,-302319.3472631201,6.96682411056684,13.6499
2019-03-05,-445987.4041724964,8.09576915659195,13.5075
2019-03-06,-476714.8801837389,7.68168264817143,13.4409
2019-03-07,158789.85060339444,12.595259626477832,13.867099999999999
2019-03-08,-74978.58467660425,10.083199189328269,14.411
2019-03-11,-5293.217624836834,6.88789207283255,14.1546
2019-03-12,639898.5106044,9.25811323733827,13.835600000000001
2019-03-13,23778.075235598026,5.631762583861169,13.950299999999999
2019-03-14,-42876.44867702015,8.25677065797868,13.647799999999998
2019-03-15,-360726.1873749038,14.11146582711488,12.924199999999999
2019-03-18,-33188.861396974185,5.4299001916461,13.2122
2019-03-19,33679.975185994525,6.972234172864391,13.000700000000002
2019-03-20,101748.2494765058,8.53514475694396,14.477799999999998
2019-03-21,201418.5122372849,9.09761700523371,15.687599999999998
2019-03-22,543255.1518760686,15.451250230294681,17.6785
2019-03-25,78825.42550533451,14.544367265236119,17.33559999999999
2019-03-26,-161692.7779301107,8.898489228030721,15.845699999999999
2019-03-27,70772.18753695698,12.96462591699343,16.3337
2019-03-28,-298605.96322971187,9.206655776863599,16.6715
2019-03-29,-145452.99314685818,11.51665411416839,15.274799999999999
2019-04-01,-109014.9137304296,8.89907670848864,14.7903
2019-04-02,-328887.0960772219,7.42947287077428,14.7848
2019-04-03,-50315.61249290942,7.03914056570617,14.1923
2019-04-04,-177642.87458592735,6.2278960871204605,14.2468
2019-04-05,-257764.53533870832,6.16018259543962,13.552
2019-04-08,-254951.59425938732,5.58548508352162,14.603
2019-04-09,-102296.45674265036,9.51809702384107,14.5187
2019-04-10,-274516.63893150364,7.03004099596733,14.280999999999999
2019-04-11,-179054.92202507087,8.38120371152279,12.595
2019-04-12,-59124.08282235509,7.29764096364276,11.877
2019-04-15,-129328.02690818557,4.70719539104346,11.4864
2019-04-16,-279563.97736546816,5.19431329555456,11.3012
2019-04-17,-75826.80267759599,6.16221608370428,11.267199999999999
2019-04-18,166615.93651516014,9.63614729421047,11.006599999999999
2019-04-23,-378710.626651176,6.05493972395229,12.203999999999999
2019-04-24,-274619.4602876136,7.24354495940476,12.5447
2019-04-25,-181646.9598576729,8.1521373980259,12.957199999999998
2019-04-26,-472542.6295906305,7.94934788874517,12.6034
2019-04-29,-318224.3647800918,7.006116753275279,13.027800000000001
2019-04-30,-45563.75211793114,7.86482067534157,13.2624
2019-05-02,-185851.25836784,9.7534550051256,14.33569999999999
2019-05-03,-559819.304229167,6.555448746665659,13.3808
2019-05-06,5941.267654011608,11.27044039576887,15.737499999999999
2019-05-07,221983.04459245293,11.14325683888637,18.0429
2019-05-08,108870.33713270468,11.67526710713291,17.6428
2019-05-09,243570.84443981663,13.716850934629779,20.0378
2019-05-10,32169.31997169112,10.76362107352398,18.507299999999997
2019-05-13,211348.28529622708,11.46011312511095,19.4264
2019-05-14,-63331.058260958176,8.855509280071459,17.5609
2019-05-15,5948.875403241022,17.81085741670052,16.7467
2019-05-16,264423.7588656286,13.226593734604588,15.0605
2019-05-17,99998.7971700544,14.25723059328532,14.9769
2019-05-20,42415.78456336644,13.90041571795351,17.3812
2019-05-21,-373437.5912613447,8.834940719125239,15.8302
2019-05-22,-259938.73197863484,10.85096102708916,15.449399999999999
2019-05-23,219504.44087962783,14.60219621341296,17.637
2019-05-24,-306614.31275100843,9.49094907249445,16.714599999999997
2019-05-27,-669100.5177261665,7.905126305086729,16.237299999999998
2019-05-28,-219604.66466163844,13.66187067842758,16.1658
2019-05-29,-3713.426326385699,12.601866680713911,17.7806
2019-05-30,-560367.8481310282,8.00172545812886,16.7607
2019-05-31,62440.85099821631,12.20239916566543,17.4218
2019-06-03,-64807.31964976573,10.42798314616463,17.241699999999998
2019-06-04,-160496.3536054124,11.98760385255111,16.42
2019-06-05,-329034.5064595626,11.27101902939928,16.1034
2019-06-06,-265849.5418698578,13.449250802248189,15.6299
2019-06-07,-249048.04218964957,11.45451856055135,14.9085
2019-06-10,-776884.6132276282,5.499568407364349,14.8913
2019-06-11,-445789.1489120289,7.57861602981233,14.79599999999999
2019-06-12,-507258.1036944811,9.30502139230291,14.945
2019-06-13,-731753.8516823722,8.81075358312366,14.3656
2019-06-14,-531188.7657354879,8.388337270783321,14.3629
2019-06-17,304243.12254316243,7.1888352610793795,14.0293
2019-06-18,1416018.3719992822,13.05474927976708,13.2695
2019-06-19,-59240.54214168317,6.36604628012368,13.660400000000001
2019-06-20,-409400.5448264647,8.417726069633389,13.3474
2019-06-21,-314294.76229841914,9.86498081606911,13.389400000000002
2019-06-24,-245246.20258239572,7.32633023015758,13.966899999999999
2019-06-25,-309138.8670299639,7.045304286436339,13.981499999999999
2019-06-26,-251198.9183122574,8.261579693968569,14.063400000000001
2019-06-27,-197501.75281083165,10.15314583331098,14.1174
2019-06-28,-90479.79246990534,6.853456451713,13.7342
2019-07-01,806.799194072024,6.8018672860096805,12.383
2019-07-02,-356198.5180000301,5.04200967035641,11.83709999999999
2019-07-03,-184890.20121890865,6.25920132639423,11.7045
2019-07-04,-599074.0757358968,4.59541032782802,11.7651
2019-07-05,-297621.4242184141,8.290774437113111,12.4185
2019-07-08,-313874.2460742553,6.44164921169904,12.616
2019-07-09,-302193.2328242874,8.63016167006974,12.7504
2019-07-10,-288305.1102483738,8.79405772561664,12.8191
2019-07-11,-295171.9636767092,8.291000303076581,12.4747
2019-07-12,-493571.79404961097,6.3218477148685,12.3888
2019-07-15,-194048.727224172,8.65399323426262,12.6064
2019-07-16,-231702.34481746808,6.937838992319049,12.1592
2019-07-17,-159285.36057866225,7.5083604043725,12.6034
2019-07-18,26539.105856531765,10.33174069750185,13.331999999999999
2019-07-19,150989.60970283474,10.576358995509349,13.697300000000002
2019-07-22,-263437.34446464607,8.29369924684848,13.5495
2019-07-23,-60238.46211007482,9.977658606860409,12.7137
2019-07-24,-318369.3630364202,6.6252728734637305,13.122700000000002
2019-07-25,335690.015424754,17.953155634653488,13.2666
2019-07-26,-429943.1238445882,7.518322043635401,12.669
2019-07-29,-478847.05573337513,6.36663281033983,12.6386
2019-07-30,143533.4242597737,10.425790989134121,14.4662
2019-07-31,-90548.7233338782,8.0066427236629,14.3909
2019-08-01,21900.463131218683,13.68801457664147,13.7348
2019-08-02,759276.4794486761,19.60465746199885,18.348099999999988
2019-08-05,839619.4302867417,16.26705286206572,21.0618
2019-08-06,416578.728991688,14.29358937837202,21.3783
2019-08-07,479771.9087769373,17.0263663375435,21.038999999999998
2019-08-08,-8445.451041606022,13.15590540202886,18.003699999999988
2019-08-09,-117013.8359989426,13.87324489140886,18.953299999999988
2019-08-12,-243517.08725111408,13.42967990007144,19.2544
2019-08-13,350632.24844099325,24.64544846136838,18.6224
2019-08-14,296379.4417832615,14.797975037504049,22.061599999999988
2019-08-15,446889.603365551,25.1282382470883,22.54189999999999
2019-08-16,124639.61184194242,13.87162698877831,20.3841
2019-08-19,-168798.75991348492,10.84562306089933,18.2556
2019-08-20,-281870.78308980097,11.77386071402363,18.428899999999988
2019-08-21,-327302.2135884424,8.464674038520121,16.77209999999999
2019-08-22,-91487.4892450457,14.754931030795259,18.2332
2019-08-23,73973.54130775109,22.36425691149612,20.1473
2019-08-26,-133743.86271520227,14.33247564109059,20.2502
2019-08-27,-157792.9602768221,10.48185569627015,19.439899999999998
2019-08-28,-193750.10137577375,13.682499773752422,19.3267
2019-08-29,-109821.1689674391,14.314670840476,17.601
2019-08-30,-37122.330786926905,9.7759050821649,17.66809999999999
2019-09-02,-438102.5059168263,7.01190793778068,17.5382
2019-09-03,-144619.22442208882,12.469943057600991,18.2403
2019-09-04,26437.039808424888,6.58595149733802,16.5794
2019-09-05,-115312.57501954492,8.62297521204221,15.5052
2019-09-06,-356058.7025080421,7.804867259523831,14.6313
2019-09-09,-465163.76466193097,5.32350876211682,14.941799999999999
2019-09-10,-214615.87436041096,9.45419713881849,15.257399999999999
2019-09-11,75268.77627207944,6.36466388478625,15.4354
2019-09-12,647562.9619912587,17.18588655719592,14.413799999999998
2019-09-13,-72445.56588914245,7.05992620078604,13.73639999999999
2019-09-16,612756.870230122,9.5519739533074,15.246699999999999
2019-09-17,736687.9586052473,7.307977124202771,15.5502
2019-09-18,-175650.10334367282,5.66343376176146,15.209700000000002
2019-09-19,-714194.3313559103,6.6677845967724805,14.501
2019-09-20,-1650101.399917775,9.278597097011659,13.97439999999999
2019-09-23,-801532.1786598975,8.773476494331641,15.5783
2019-09-24,-983769.049644239,6.06578598970445,15.9723
2019-09-25,-190130.3662910033,10.56128544653896,17.2313
2019-09-26,411511.1022779206,8.12392399110592,16.587
2019-09-27,-140313.8752387996,6.45690931347392,15.8826
2019-09-30,78946.27601497807,7.33566711746971,15.8282
2019-10-01,108534.95023456216,12.782658899553558,17.26
2019-10-02,601687.7933414003,14.12080679833177,21.0071
2019-10-03,434183.5202068726,14.4561161787471,20.5011
2019-10-04,102450.3679371262,14.107293763032992,18.5245
2019-10-07,-113924.67499904532,11.32085419840436,17.855999999999998
2019-10-08,-28248.979706067126,13.310997958678792,19.2294
2019-10-09,-183999.618481984,13.255273515890389,18.3918
2019-10-10,-29733.002935231547,13.56020594025039,17.418
2019-10-11,322017.213951758,10.14460170915305,15.8911
2019-10-14,-136777.96732152114,10.34024387484309,15.917100000000001
2019-10-15,202057.0478349864,11.51889611477842,14.4716
2019-10-16,193789.7432782742,11.23163202951557,14.760000000000002
2019-10-17,268761.33782447746,12.52492471978566,14.9276
2019-10-18,-27948.94532540685,10.3150448392119,15.3746
2019-10-21,-256659.0117714668,9.046670763754749,14.743800000000002
2019-10-22,-388156.084588979,7.69708963123668,14.1743
2019-10-23,-374140.0322613362,10.3109810279496,13.4557
2019-10-24,-200507.4154288096,10.60897907895672,13.09179999999999
2019-10-25,-417842.1009553752,7.75054397168512,12.820799999999998
2019-10-28,-386544.4140687414,5.74577159251269,13.20059999999999
2019-10-29,-424811.6788747017,6.6924552704006794,13.726199999999999
2019-10-30,-335726.47096788883,7.134540613205901,13.7963
2019-10-31,-52875.97140088049,11.94717863477105,13.791900000000002
2019-11-01,-429352.8382156484,8.132766565205921,12.8444
2019-11-04,-70623.82394248422,7.39129872093483,12.9047
2019-11-05,-402385.6350473433,5.925307289282101,12.92259999999999
2019-11-06,-67860.82840006566,5.45059920531008,12.9335
2019-11-07,-314479.5309385529,6.43292690973097,12.754199999999999
2019-11-08,-314976.3607585307,7.41159331109902,12.851399999999998
2019-11-11,-447799.3329359769,5.5235798385512,13.088700000000001
2019-11-12,-410543.6226323738,5.4383447903495705,12.6338
2019-11-13,-76324.42255136813,7.6870012575164095,12.7955
2019-11-14,-71013.2455931115,7.33336511725806,12.4735
2019-11-15,-217431.4342815124,8.3659251144922,11.537
2019-11-18,-256539.03029986832,7.90985488532722,12.0372
2019-11-19,-186620.757235158,6.948783624208731,12.36989999999999
2019-11-20,-72859.53508156165,8.21036233800775,12.7274
2019-11-21,-184845.39038320145,9.40433097648575,13.131699999999999
2019-11-22,-269861.6534645357,8.56852240675617,13.0888
2019-11-25,-412509.96007938695,6.540925598418269,12.38369999999999
2019-11-26,-429587.4789535536,4.85364382112115,12.095399999999989
2019-11-27,-308433.44916842715,6.17916487816841,12.2032
2019-11-28,-680764.0755808279,4.37273983885127,12.7959
2019-11-29,-199556.95960198995,6.53635738089195,13.174
2019-12-02,472624.139112624,12.93487340037412,15.8889
2019-12-03,229584.07300596777,15.61414567546599,16.9096
2019-12-04,-84250.86288554454,10.9753093652415,15.22369999999999
2019-12-05,-467065.37631811993,9.19472490856024,15.37069999999999
2019-12-06,-510238.6515324996,9.49155768686509,14.132700000000002
2019-12-09,-541880.1664197235,6.31129020450089,14.924599999999998
2019-12-10,-217003.43197923084,12.69351970282249,15.021999999999998
2019-12-11,-374453.7682588324,9.34443084660461,15.2345
2019-12-12,-145799.7834201618,13.13903472806435,14.663100000000002
2019-12-13,624510.1394390638,15.67676431942369,13.117400000000002
2019-12-16,629096.9119723367,8.00734852178643,11.644
2019-12-17,511244.23267950537,7.49549785431958,12.1489
2019-12-18,-328259.6442834672,6.288278254973401,11.8244
2019-12-19,-940583.8743042762,6.79510539515204,12.1761
2019-12-20,-1537329.910804517,12.013478273546541,11.077399999999999
2019-12-23,-681139.3929671813,5.009138624481531,11.64819999999999
2019-12-27,297599.31725709233,6.45436625606812,12.0913
2019-12-30,35152.98795428872,6.490028179774921,13.9548
2020-01-02,-59932.47796749859,8.730639934730949,12.673599999999999
2020-01-03,-167436.72430759273,11.25102262405842,13.958799999999998
2020-01-06,-35085.20690723404,11.30472633740695,15.14039999999999
2020-01-07,-128134.50882320304,10.340174616182821,14.211699999999999
2020-01-08,-42172.14386011986,10.797667653671871,14.040099999999999
2020-01-09,-168665.75584923255,7.364377610588529,13.0363
2020-01-10,-250668.1135080465,6.95094088486792,12.3886
2020-01-13,26865.77304904803,8.37315609553529,12.7138
2020-01-14,96821.33279597154,11.1749661367174,12.4099
2020-01-15,-198440.982377416,7.4102365050246,12.0408
2020-01-16,-96205.26013969455,8.9040483756314,11.0223
2020-01-17,57647.361193312914,6.80002065522904,10.6899
2020-01-20,-490338.2522940958,4.30488432931713,11.2522
2020-01-21,-69456.57771232352,9.88153567039816,11.8141
2020-01-22,-104733.98085973096,7.28980176300383,12.2389
2020-01-23,165119.09826234542,10.21809592122091,13.164000000000001
2020-01-24,194267.7418816761,8.97227874098979,12.6665
2020-01-27,901093.7260252156,16.12864935708524,17.1711
2020-01-28,315861.1539396815,11.415139263312419,15.1979
2020-01-29,-140639.4412038033,9.49287843821395,14.4199
2020-01-30,329984.7934974432,17.722855316320192,16.417399999999997
2020-01-31,543605.3198512557,12.708990535260382,17.1542
2020-02-03,76286.1227065929,11.28026476099611,16.2837
2020-02-04,59342.87800758914,9.26805924747227,14.4971
2020-02-05,359174.7365728349,13.645841498338958,13.6052
2020-02-06,53852.570006916765,9.396204964728371,12.988900000000001
2020-02-07,-23564.105744766304,9.1752592854503,13.3241
2020-02-10,-278489.2658946392,7.65014689663987,13.703399999999998
2020-02-11,-111851.49703662375,7.850303250653461,12.920100000000001
2020-02-12,-192075.1170705452,6.61642415283234,12.4526
2020-02-13,543688.1097972647,11.66767006447363,13.2476
2020-02-14,-195334.6864500451,6.220600222797859,13.0625
2020-02-17,-457832.2054721556,4.62943469716761,12.965399999999999
2020-02-18,31134.93953732052,8.45842254415967,13.8431
2020-02-19,-139467.1177278643,6.80756090487145,12.8829
2020-02-20,92196.13121253625,7.492956727699609,14.09
2020-02-21,576546.3026977006,14.58086462293908,15.7536
2020-02-24,1901145.709290286,23.32409116875899,22.6584
2020-02-25,1601589.1436994525,19.79340313769281,27.4449
2020-02-26,2112741.2944953907,28.43694709156398,24.54029999999999
2020-02-27,2214652.3510673214,35.25185890194107,34.6989
2020-02-28,3339579.7514455398,42.33354812935034,42.2369
2020-03-02,2089851.5370944825,45.16358004255128,36.1186
2020-03-03,1774160.3768369283,45.81044455241705,33.4532
2020-03-04,986275.9803965624,22.4446627330499,29.756499999999992
2020-03-05,1122900.0712956688,23.8699279861162,33.1404
2020-03-06,2152413.5846498976,31.19236630331163,43.0212
2020-03-09,3026241.979105623,60.98137153605071,54.09929999999999
2020-03-10,2190937.205246231,48.97063098730377,53.8031
2020-03-11,1579693.6093549214,40.28559224716606,53.7615
2020-03-12,3841035.299864032,69.88902186545253,71.5196
2020-03-13,3550698.311493321,83.9973008099381,74.3321
2020-03-16,3266664.9040207444,88.44078995146812,85.6206
2020-03-17,2973135.417581849,87.42913924823652,77.2625
2020-03-18,1098522.407959123,68.20324981942557,84.7969
2020-03-19,3405.557784861652,54.89870688615432,78.3461
2020-03-20,-1626156.6454491431,53.57529685709169,68.2146
2020-03-23,724670.9877216744,67.41841274118013,64.4283
2020-03-24,980459.2465839814,40.77875267672635,52.5304
2020-03-25,1820341.9335424164,61.95306427381379,57.1305
2020-03-26,913973.216762964,46.621105510824314,54.3148
2020-03-27,675596.953249016,42.228412059690164,60.99479999999999
2020-03-30,253490.7990762721,40.133665941215256,55.63239999999999
2020-03-31,486314.383132678,34.64573520821949,48.59259999999999
2020-04-01,383192.6331201888,38.24642254438356,51.1408
2020-04-02,382895.1374379984,37.51855897154442,49.9156
2020-04-03,46132.24308841571,22.72238060256189,45.8806
2020-04-06,542234.9505785643,29.970937413463826,43.0301
2020-04-07,811086.8544984995,33.398764672918965,46.287099999999995
2020-04-08,334842.4387128445,24.43124336901924,45.2972
2020-04-09,810977.9220224755,33.19439029018569,44.7106
2020-04-14,86481.52762838954,20.42777449381506,40.47679999999999
2020-04-15,548629.7070700862,24.65599449146548,44.9575
2020-04-16,239953.16589167283,23.9874803895203,43.262299999999996
2020-04-17,544577.1069903728,26.451705833094604,41.201
2020-04-20,183816.2554696278,20.01122782786042,41.2975
2020-04-21,388979.8158231891,24.559369852649198,48.2215
2020-04-22,-58932.251402420574,17.42489490530033,43.9569
2020-04-23,37186.0154307182,19.24983514057815,40.3534
2020-04-24,-63017.8878914119,20.18951836129192,40.1744
2020-04-27,-74535.8566776748,21.97112778304298,34.7193
2020-04-28,-13636.477612315794,19.86131729276831,33.012
2020-04-29,11857.782540975371,18.73404860614873,30.7205
2020-04-30,505123.5030828447,28.33048156808282,33.9105
2020-05-04,380345.84137685096,29.445299891728126,38.322
2020-05-05,-45061.61527388008,25.023051617440977,34.5055
2020-05-06,-246355.5563304301,17.41343827757717,34.80749999999999
2020-05-07,-309602.28262011986,14.348381167481861,32.4312
2020-05-08,-455692.04067741777,14.76805862623756,29.664299999999997
2020-05-11,-172494.30894968356,17.746243946667732,29.9068
2020-05-12,-204709.88610367055,14.84093019216447,27.66969999999999
2020-05-13,187974.8139675416,21.77766893051059,33.4196
2020-05-14,751844.4638293126,28.1388248934404,36.3219
2020-05-15,206906.2685445661,24.32198975621883,34.47059999999999
2020-05-18,368318.0223410764,24.36994182767032,29.0582
2020-05-19,224988.41292337803,25.27578957688045,30.1699
2020-05-20,56542.03860928619,18.29232109569901,29.109299999999998
2020-05-21,-150463.02212543797,20.46763294605132,32.315
2020-05-22,-189831.0093528761,20.41805449184973,31.416100000000004
2020-05-25,-443271.44792102126,15.787453906253072,29.1565
2020-05-26,11764.171546705184,15.76786920554957,28.0385
2020-05-27,504022.1762889708,21.9085729907207,29.3988
2020-05-28,233701.52088752645,17.26696982974486,29.006300000000003
2020-05-29,420191.9864275986,20.54903622068576,31.1263
2020-06-01,-148189.41781718505,11.97528283648548,30.098999999999997
2020-06-02,349554.3146341811,19.08699995423296,30.678
2020-06-03,579501.9281832292,17.4148861681266,29.6082
2020-06-04,355075.6591799469,24.2781945962258,27.6617
2020-06-05,718584.9252652607,26.264743401850797,27.89089999999999
2020-06-08,45669.1206323877,18.42620821532261,28.119699999999998
2020-06-09,159101.35135309258,23.6087228414851,29.745300000000004
2020-06-10,-238170.83702234668,21.36258424555596,30.052400000000002
2020-06-11,410666.18139486783,28.16283326536228,36.0215
2020-06-12,326303.03374685766,33.82476102988933,41.4116
2020-06-15,966238.6884306136,33.51721390461363,38.4135
2020-06-16,1047174.7042918388,26.23322996186242,36.097699999999996
2020-06-17,216185.5565569329,21.1972756137514,35.3603
2020-06-18,-136190.67972369678,21.80114312127874,35.0461
2020-06-19,-239279.13078959196,15.12984906408752,32.2142
2020-06-22,131086.63936908392,19.02850786321355,33.781
2020-06-23,99285.38206455542,19.4681347488423,31.3419
2020-06-24,208185.14453659105,21.401938399275892,36.8071
2020-06-25,206635.89808529057,28.68772907964899,34.6839
2020-06-26,-15186.539648860691,18.26521138481935,35.17349999999999
2020-06-29,28261.191527130315,21.864967954187712,34.49219999999999
2020-06-30,5170.520695153857,14.04412805134339,31.7179
2020-07-01,4053.61360363022,21.54686317851451,30.130499999999998
2020-07-02,237871.17295475103,20.31766616235631,27.5942
2020-07-03,-345508.2436907473,12.373214235140729,28.269899999999996
2020-07-06,109801.00559485923,16.71945125655897,27.6015
2020-07-07,-263121.776555837,14.79396787165014,27.9345
2020-07-08,-47972.31449062482,15.84927908522269,29.5725
2020-07-09,-48684.89346898208,17.41138945663272,30.4505
2020-07-10,-143226.99025858054,17.48563150075363,28.427599999999998
2020-07-13,67711.59325386013,16.23703145216718,27.135199999999998
2020-07-14,-14815.209905014724,19.97130843525948,28.927799999999998
2020-07-15,187166.7521233236,16.49773993275831,27.57239999999999
2020-07-16,-143999.71202781447,13.790223985272828,26.8067
2020-07-17,-126996.89678380324,11.93324191845614,25.5762
2020-07-20,-60346.956394637,15.044737024143858,24.211199999999998
2020-07-21,17947.26273281139,14.54891156368657,23.4879
2020-07-22,-234216.1776155316,13.40873410414015,24.21229999999999
2020-07-23,-173383.88842634636,13.135525142127111,23.3144
2020-07-24,-24286.265178412665,17.012904981652092,25.577299999999997
2020-07-27,-233604.16921007645,12.091959407027721,25.238
2020-07-28,-312094.067348146,13.78011590427654,24.3987
2020-07-29,-453148.6889846913,9.63122216081136,24.2316
2020-07-30,345946.9275833947,21.90481082227975,28.023999999999997
2020-07-31,293401.0045476884,18.80961741970207,26.6625
2020-08-03,-92099.30075113976,18.39133491337116,25.7571
2020-08-04,-342455.400987076,17.21003396189436,25.087
2020-08-05,-409189.9856364605,13.667147115803091,23.9421
2020-08-06,-347310.35550372594,19.11004664785517,24.9371
2020-08-07,-439232.7571462288,15.344999226505,24.1977
2020-08-10,-423860.6690036997,14.75268281661902,24.1127
2020-08-11,-103269.88975052103,16.3540826195402,23.3863
2020-08-12,-232474.8332606993,12.93125866839541,22.4674
2020-08-13,-397479.8269803188,10.81937650414471,22.691
2020-08-14,-258145.6658578997,15.945893025440311,23.8671
2020-08-17,-374511.5556427798,13.71426198766835,22.7835
2020-08-18,-283070.8086494979,14.495086292726219,23.26899999999999
2020-08-19,-455206.82654879487,11.19940923497787,21.9882
2020-08-20,-182376.5308687241,14.52362316063037,24.03539999999999
2020-08-21,-30166.16168136732,17.42513896237043,24.33749999999999
2020-08-24,-53140.243838532246,11.995392853727969,23.1101
2020-08-25,-210197.26795219615,12.921932404918621,23.3594
2020-08-26,-450383.9067951357,12.14585762800049,22.001299999999997
2020-08-27,-318878.2057817852,13.44928527933789,23.5584
2020-08-28,-293415.38383073267,16.27519833845839,25.157899999999998
2020-08-31,-60634.43166072143,14.82465390026049,26.7213
2020-09-01,-242076.34279837503,19.61032551651008,27.1192
2020-09-02,-107939.37283453206,16.268929845432982,26.614500000000003
2020-09-03,137291.71457698056,23.35134976064131,29.0121
2020-09-04,69259.33707708935,25.86804153652581,31.711699999999997
2020-09-07,-578482.1111409888,13.361630183130268,27.922000000000004
2020-09-08,-246297.52400548896,22.173090333010983,28.4501
2020-09-09,-378260.3559680407,17.72064765500647,25.8888
2020-09-10,-438338.98113793856,18.42655025243577,25.0052
2020-09-11,-455781.77236924646,16.27816935841997,23.724899999999998
2020-09-14,156478.23872739705,12.21981833481946,22.5682
2020-09-15,263951.6110034173,12.053975314548799,22.115499999999997
2020-09-16,-212417.1803186012,10.14063092584417,21.99269999999999
2020-09-17,-258355.06018443592,12.87218820047361,22.5468
2020-09-18,-192082.15483648985,12.534389267252491,22.6496
2020-09-21,871531.9717360273,22.54145197337247,29.8809
2020-09-22,168184.0708462937,13.713822593365798,28.1097
2020-09-23,64949.18973312422,15.19328919932384,27.1669
2020-09-24,235272.2996966187,20.45361104396308,28.3437
2020-09-25,211669.21837726235,19.48249183343907,27.8075
2020-09-28,68840.30596804828,16.21909906177691,26.8241
2020-09-29,-276765.00844913325,12.80513349970751,26.9026
2020-09-30,165350.44086650864,15.989567819267169,26.0598
2020-10-01,-74185.6433599462,17.4420550490166,26.537399999999998
2020-10-02,57974.296409350354,18.23726292847726,26.8168
2020-10-05,-143521.09789787757,13.01037517844219,26.276299999999992
2020-10-06,-92421.52363378076,11.74336120016874,25.2128
2020-10-07,-234431.7051537718,11.42228993527279,24.9744
2020-10-08,-132041.92772496352,10.42315571299426,23.98
2020-10-09,-187802.66809213767,8.11946613426413,22.23689999999999
2020-10-12,-92637.72816490207,9.450291329988,22.2531
2020-10-13,-88537.17490898201,11.3217084264253,22.9397
2020-10-14,-266693.85647347814,9.516368062789809,23.2425
2020-10-15,443420.0357901787,16.588531495608517,26.8422
2020-10-16,92109.20744898485,15.059300240752629,25.316499999999998
2020-10-19,-92109.495747054,11.43821561103335,26.618599999999997
2020-10-20,-201500.9201971813,13.106263677376909,27.6293
2020-10-21,-24228.00413072936,16.3391788567768,29.44879999999999
2020-10-22,67289.64146562142,17.09668307827696,28.9879
2020-10-23,-121427.37887164995,12.52449315350564,28.157
2020-10-26,251288.0735114812,17.973144511690407,31.755699999999997
2020-10-27,162541.53178820654,19.13527608942506,32.7397
2020-10-28,1135604.2665664563,27.64127593683856,38.25869999999999
2020-10-29,512626.2395493371,28.004978942218962,37.5504
2020-10-30,412831.6729207963,23.99082210013922,35.3472
2020-11-02,182403.72403676307,21.40136799849128,35.233
2020-11-03,200121.98021562176,15.200041731276382,32.763
2020-11-04,567553.7519886616,28.64740635348667,28.0023
2020-11-05,251831.7385285617,17.226641765972058,26.3725
2020-11-06,205815.6933008537,18.7499669725495,25.6153
2020-11-09,1779364.1378581778,53.7146691889374,23.86309999999999
2020-11-10,854148.2735261513,21.92950932003719,25.0803
2020-11-11,88183.6864269533,16.08181584977676,23.1256
2020-11-12,65577.04912212875,15.02362133705808,23.30229999999999
2020-11-13,-53333.43334065727,13.221403889446808,23.1431
2020-11-16,249904.03328925755,17.85134175312508,22.3849
2020-11-17,-178780.86330266565,11.629472895750089,22.2529
2020-11-18,-161836.52478716767,10.82688385851488,20.9029
2020-11-19,-176914.872692302,12.001674284141,21.9714
2020-11-20,-3439.147093964973,9.63402543667171,21.4393
2020-11-23,-14946.87283633498,13.40151524797008,22.4894
2020-11-24,-163663.540535204,10.561945030914,21.3674
2020-11-25,-187051.8229671633,9.451634825790709,20.7778
2020-11-26,-527178.7655390179,7.20732597772121,20.2346
2020-11-27,-290714.5871731704,8.02560861268107,20.0788
2020-11-30,446032.72141163575,12.603755649139739,22.9149
2020-12-01,-158919.83331122296,11.014323888245341,21.3014
2020-12-02,-378913.506932585,9.82107382010565,21.694
2020-12-03,-473165.0631062775,6.43247787778059,21.3172
2020-12-04,-386080.08419328113,9.07247825837999,20.8186
2020-12-07,-426713.1759984717,11.73994124100194,21.435499999999998
2020-12-08,-588233.232448177,8.56531952420349,20.5353
2020-12-09,-565525.7079978411,8.38655074008403,20.0186
2020-12-10,-455679.9767510367,12.30027865940609,20.6617
2020-12-11,-236749.4115713644,12.73589914879341,23.6144
2020-12-14,191244.9559419814,10.22355866339138,22.521
2020-12-15,186845.6846308892,8.76265242118606,21.7301
2020-12-16,-27197.75027633435,10.78612649176209,21.1372
2020-12-17,-383766.27372737415,8.66478079946586,20.509899999999988
2020-12-18,-98872.0119655868,11.86383523310934,21.6252
2020-12-21,588229.2603236735,25.09963223806377,27.264099999999992
2020-12-22,-184092.91106533795,13.53904284831606,25.206699999999998
2020-12-23,-316609.5558124145,8.84075892494718,23.1531
2020-12-28,-94616.74388690932,10.30724274324061,21.7054
2020-12-29,-103750.44420986075,9.01884223917345,22.3828
2020-12-30,-27442.47765376,8.03306015684641,23.369
2021-01-04,239287.46189368737,14.57902037653353,24.8416
2021-01-05,-63931.93705541163,15.802653074858691,25.1986
2021-01-06,123094.90821140156,15.06068725093642,21.4423
2021-01-07,13833.712434643414,12.60812442904015,21.0154
2021-01-08,17022.998854273465,11.737052908320509,20.5276
2021-01-11,52469.96556831326,13.93169068520569,21.979699999999998
2021-01-12,-59437.45438896248,10.33406273309034,21.9516
2021-01-13,-164958.109159025,10.67412011231338,21.09369999999999
2021-01-14,-110946.19010856398,8.55268664151016,19.6932
2021-01-15,253093.0083370464,16.371444481199397,22.4344
2021-01-18,-306502.6680645589,8.769695179773999,21.947299999999988
2021-01-19,-244848.06573551137,10.87024323158065,21.749
2021-01-20,-203517.12288225524,9.98866517227992,20.2772
2021-01-21,-123748.45049147088,12.30807286866471,19.93619999999999
2021-01-22,59701.555958061945,12.3938454116497,21.317
2021-01-25,301263.0351356267,17.41855608241482,26.005899999999997
2021-01-26,-35816.47980084375,12.10152353219636,23.0994
2021-01-27,464354.2817642101,19.0219886371195,26.7698
2021-01-28,367755.2815338952,22.75057814009503,25.9287
2021-01-29,506074.741699788,21.12798057728744,29.008200000000002
2021-02-01,105531.81960255896,13.07230128441291,27.326099999999997
2021-02-02,-27375.89743177814,12.50826764456634,24.0219
2021-02-03,-95410.09887193413,10.6259614810732,22.7195
2021-02-04,-179628.08554522984,10.690517793373889,21.372699999999988
2021-02-05,-184186.1039861336,10.30480153038878,20.64359999999999
2021-02-08,-142589.63263437594,8.923575931776579,20.4375
2021-02-09,-347507.4701795982,8.29890743573609,21.1232
2021-02-10,-74210.03048817732,15.4611960333382,22.4678
2021-02-11,-222893.6410061977,8.543357643412019,21.208199999999998
2021-02-12,-183378.0966783648,8.53933216976133,20.0616
2021-02-15,-48614.60326164577,10.86919595891715,20.1531
2021-02-16,-191176.47306295007,8.066726523246679,20.9294
2021-02-17,112927.8922393521,12.23736234651277,21.829
2021-02-18,16642.57112102199,12.006617636897381,22.5234
2021-02-19,-75240.6764900221,9.02986619177316,20.4844
2021-02-22,10571.624558226787,11.99972433956617,21.6934
2021-02-23,142528.98364616197,16.377160487232608,23.1325
2021-02-24,-73065.27199517842,12.09115548992526,21.425799999999988
2021-02-25,75478.81221977097,13.30625176982721,22.0962
2021-02-26,724562.0173762394,19.01885817004281,26.8632
2021-03-01,68843.35274784791,12.92727293284242,22.1594
2021-03-02,-171598.1751843919,11.54984347747689,21.813399999999998
2021-03-03,-157824.8220189499,10.987055150303169,21.69559999999999
2021-03-04,53759.64859416208,15.07502461615427,22.0916
2021-03-05,28621.65429586987,16.88454746663304,25.0782
2021-03-08,163216.5892812981,15.41935472638896,20.8952
2021-03-09,-183472.4403796955,8.24648300990572,20.2608
2021-03-10,-256218.88914064807,9.60507425379249,19.6671
2021-03-11,-422831.1311070395,8.65339013710596,18.884599999999992
2021-03-12,-386138.5391367483,8.26434622081548,18.7087
2021-03-15,240796.8551634017,8.07850891928341,18.6234
2021-03-16,281391.6106429284,7.99799795602049,17.5488
2021-03-17,-246591.79747749097,6.335071789838261,17.5706
2021-03-18,-134034.29413981922,8.33946438847188,17.4622
2021-03-19,-83936.00558932032,12.98920334444342,18.395
2021-03-22,-6638.520243072067,8.74187843119719,17.6826
2021-03-23,11109.165236169472,9.62354109879507,17.59639999999999
2021-03-24,45146.3023006022,8.67183322662487,17.7712
2021-03-25,259482.9654071352,12.087478547484,18.8836
2021-03-26,-46062.487742956495,9.46881259963189,17.112
2021-03-29,2991.8228474046336,8.201122658410199,18.34799999999999
2021-03-30,-74212.68587093253,6.9511105809881,18.4722
2021-03-31,219748.4722821531,6.02039346376504,17.97419999999999
2021-04-01,-149929.34650932776,6.946298811329051,16.895599999999998
2021-04-06,29561.08902186074,9.8183170563627,17.1057
2021-04-07,-209683.8741067137,6.262123795047151,16.6645
2021-04-08,-186913.8782788576,6.71791712436724,16.1602
2021-04-09,-222924.40026224265,5.735337648349359,16.1768
2021-04-12,-93138.2419435886,6.10029310091395,17.0514
2021-04-13,-43395.47029625008,9.05588990072959,16.30859999999999
2021-04-14,-156890.93346932775,6.49562330378304,16.1903
2021-04-15,-95594.82281425246,5.227350854679471,15.7081
2021-04-16,105157.56722834276,7.1227319206617405,16.1131
2021-04-19,-54236.91757627763,6.38222257880368,17.2101
2021-04-20,198048.8763573841,10.71736881203495,21.07969999999999
2021-04-21,33647.01081525453,9.90794999516436,19.2813
2021-04-22,-61836.12519697624,8.37115690780503,17.7562
2021-04-23,-135959.92714282917,9.33854565444511,18.188299999999998
2021-04-26,-159954.25636827957,7.81217565453141,18.284099999999988
2021-04-27,-175513.57970013574,7.604244602325901,19.2123
2021-04-28,-245462.62653046765,6.653131859194559,18.377
2021-04-29,-27645.43516379769,9.10573533580723,18.8768
2021-04-30,157888.21659908,8.22410679763852,20.6309
2021-05-03,-158545.51389353478,10.12448953769087,19.9314
2021-05-04,269009.9606767424,16.85894973236386,22.8185
2021-05-05,-23336.04916642874,8.07696290114405,19.9042
2021-05-06,-36248.84423511021,13.17605387567987,20.3775
2021-05-07,-25242.6710713997,10.6031261011589,18.3838
2021-05-10,-132769.0081226572,7.23081545706741,18.5019
2021-05-11,366663.3459367348,15.969810075434701,22.557299999999998
2021-05-12,231722.97722895525,15.03692863145246,23.938699999999997
2021-05-13,229107.5583117345,16.68594973316083,23.34979999999999
2021-05-14,17663.2942403669,11.70718496657567,19.5457
2021-05-17,-32019.02074211452,9.61133624083452,21.8052
2021-05-18,-107213.69894261926,9.64388122747339,21.3082
2021-05-19,532473.8579604825,17.97618107191272,24.4802
2021-05-20,134826.72844676662,10.33874280030906,22.1023
2021-05-21,77543.67243652209,8.061240262185281,20.3521
2021-05-24,-283717.83491442946,4.33229889895252,19.2364
2021-05-25,-125502.28422569472,7.565188553996579,19.0816
2021-05-26,-171344.34826623555,7.76596255762504,18.28229999999999
2021-05-27,-87507.0724504866,7.35038012463313,17.8227
2021-05-28,-154548.6756932186,5.94525702067822,17.1662
2021-05-31,-288133.14872081054,7.0320547547276,19.09809999999999
2021-06-01,-131245.4850522508,7.743839215106051,18.7726
2021-06-02,-271289.9402821945,7.592784614998579,17.8481
2021-06-03,-191645.278068283,8.167199358463339,18.2446
2021-06-04,-392592.0807657757,5.61640956722186,17.376
2021-06-07,-339325.95417954784,7.37929208972082,17.711
2021-06-08,-356187.7922397419,7.37928720131706,17.7247
2021-06-09,-516708.0493979876,7.75087773552182,17.232199999999988
2021-06-10,-461455.0997635794,8.47148791667953,16.656499999999998
2021-06-11,-390915.3161924887,5.72009378716851,15.151100000000001
2021-06-14,391116.2697103682,6.4176830994918195,16.049499999999988
2021-06-15,366551.2167906945,6.99053233523199,16.4055
2021-06-16,-205371.99972701797,5.82606677866506,16.1772
2021-06-17,-145270.30478854664,7.495705884479641,17.0804
2021-06-18,-79012.8246362945,11.75216861259961,20.7634
2021-06-21,174788.87675006536,11.87849359417924,19.4847
2021-06-22,-126633.44935634302,8.725452955174,17.5733
2021-06-23,-54768.75565566972,8.97378289189262,18.549
2021-06-24,-82514.07089359127,8.39402389277736,17.3518
2021-06-25,-236801.57739910483,5.97688418097599,16.6823
2021-06-28,-60104.91500973492,9.17276416499056,17.645499999999988
2021-06-29,-156685.65462833247,7.191856288153691,16.9495
2021-06-30,399463.3695011522,13.417739804371958,18.18489999999999
2021-07-01,88543.86007328134,12.21254736233758,17.7267
2021-07-02,-224538.62535120876,8.4601162563888,16.5747
2021-07-05,-251559.44485222327,7.775982598903471,16.7545
2021-07-06,-54233.29578954063,12.10160053518354,18.1255
2021-07-07,-81421.90250332013,8.65945171696491,17.3168
2021-07-08,654919.4497393309,18.6642588483418,19.9652
2021-07-09,150582.28417074075,10.977941615015489,17.9506
2021-07-12,143462.79889656033,9.36221503391626,17.952099999999998
2021-07-13,-121344.07304130624,6.586478683987281,17.99889999999999
2021-07-14,-102095.17979958898,7.83858600109798,17.6841
2021-07-15,31746.28727028123,13.107637562123001,18.642
2021-07-16,151647.03372767137,12.049500811127501,19.453699999999998
2021-07-19,601966.9053378459,19.66929105330531,25.4361
2021-07-20,289621.0556863026,17.36254875394733,24.4923
2021-07-21,-26355.45344103209,12.62586763804884,21.524099999999997
2021-07-22,-129181.23303846794,11.75557960721129,19.9131
2021-07-23,-207890.67856952595,7.08958047234882,17.552699999999998
2021-07-26,-95430.65138018144,8.16660713666907,18.5323
2021-07-27,-87813.61830487207,13.05550828907883,21.3563
2021-07-28,-229990.30872040903,7.55578921300091,19.48089999999999
2021-07-29,-230479.7609313148,7.1331051168587,19.2556
2021-07-30,-25991.752753642155,10.698807844586259,20.9392
2021-08-02,-118641.12683146202,10.2461377407657,19.839499999999997
2021-08-03,-280768.2958540193,8.817609474467499,20.2233
2021-08-04,-249087.9492747661,8.46715225557657,19.212899999999998
2021-08-05,-372848.3879362821,6.119397355671239,18.2492
2021-08-06,-348828.85835777665,6.06629363934674,17.888299999999997
2021-08-09,-348650.8390018686,6.08134273754463,17.5508
2021-08-10,-347139.1285200523,4.352237331783241,17.275199999999998
2021-08-11,-276028.14081685164,7.4116768060577405,17.038
2021-08-12,-240825.2033192775,5.16581367004939,16.1073
2021-08-13,-318623.11097585014,4.8581863417675395,15.8002
2021-08-16,42818.93045646336,9.70243195431616,18.002499999999998
2021-08-17,-29814.391333061158,8.39641162519989,18.3901
2021-08-18,-202750.4780113498,7.01026257088519,18.4705
2021-08-19,397378.74888591457,15.775010795127962,22.1296
2021-08-20,-29838.95070953504,11.93918653394146,20.1509
2021-08-23,-66334.10164950637,9.027257680207299,17.894299999999998
2021-08-24,-254371.194542162,6.39716919341124,18.0943
2021-08-25,-384614.9021717226,4.5528978038259105,17.830199999999998
2021-08-26,-127185.26993736404,10.98574429116811,19.0944
2021-08-27,-324620.5167691158,7.20391761338039,17.6003
2021-08-30,-311779.63338191283,4.84914377651856,17.498
2021-08-31,150159.38670144184,9.34221294618119,18.7654
2021-09-01,-48247.71211370698,9.57903539037981,17.4679
2021-09-02,-460371.6934888152,5.69063518498634,16.9721
2021-09-03,-282659.13976769825,8.83636846039129,18.1919
2021-09-06,-359754.6567704902,5.48701908875633,17.55509999999999
2021-09-07,-374871.13841588935,7.3432996799752095,18.6
2021-09-08,-185484.03916124743,13.28045391811568,20.4927
2021-09-09,-157237.73311013705,14.1473146933262,19.6412
2021-09-10,-439679.5931261587,8.61773134347177,20.357
2021-09-13,453880.3491895858,7.14681587429974,20.742899999999988
2021-09-14,275881.65268470696,10.938384265833639,20.4635
2021-09-15,-104112.20741916425,9.665732804015061,21.6946
2021-09-16,-225374.1560668517,9.69348839155024,21.65149999999999
2021-09-17,65982.68049924169,14.17373032164084,23.1662
2021-09-20,578936.4200688921,19.74842551357999,26.4695
2021-09-21,163610.93126707803,14.482206991278609,25.5096
2021-09-22,-16283.42731959594,8.900543351735921,22.8073
2021-09-23,-153711.36344733136,11.94874363288912,20.6244
2021-09-24,-263872.06135305634,12.051032487215311,21.8467
2021-09-27,-217350.99893544,8.74606915217012,20.8349
2021-09-28,100279.31280798536,14.059034413814619,24.894099999999998
2021-09-29,-184714.4461648689,12.51873248890614,23.9588
2021-09-30,53201.11597864202,17.37803078067325,23.2428
2021-10-01,-42058.38385729236,18.25754390047221,24.038899999999998
2021-10-04,-376840.0340191794,17.06091595302636,25.1857
2021-10-05,-614170.1360071707,11.96049663303326,22.2252
2021-10-06,-256022.4356633958,19.44305354857934,24.3318
2021-10-07,-620263.0883793647,13.482608820865568,21.0201
2021-10-08,-686593.5475747657,10.95659615157265,20.2799
2021-10-11,-276100.452434496,13.05418435748292,20.1795
2021-10-12,533424.1421596268,12.87481448848119,20.7442
