fact_date;wkn;it_open_price;it_highest_price;it_lowest_price;it_close_price
01.08.2017;965814;3457.97;3490.49;3447.73;3477.39
02.08.2017;965814;3478.21;3481.74;3451.31;3459.32
03.08.2017;965814;3456.28;3471.81;3438.15;3466.37
04.08.2017;965814;3462.55;3515.54;3456.27;3507.41
07.08.2017;965814;3509.59;3516.78;3497.21;3505.8
08.08.2017;965814;3503.99;3524.94;3493.03;3515.63
09.08.2017;965814;3504.17;3504.17;3452.74;3468.45
10.08.2017;965814;3466.11;3466.22;3424.81;3433.54
11.08.2017;965814;3422.3;3422.3;3392.87;3406.34
14.08.2017;965814;3420.9;3460.93;3420.9;3450.66
15.08.2017;965814;3454.39;3473.53;3454.26;3461.91
16.08.2017;965814;3465.63;3497.29;3465.63;3484.57
17.08.2017;965814;3482.19;3484.66;3456.15;3461.97
18.08.2017;965814;3441.21;3448.39;3420.5;3446.03
21.08.2017;965814;3436.84;3442.24;3411.06;3423.53
22.08.2017;965814;3432.46;3459.19;3432.46;3455.59
23.08.2017;965814;3454.83;3467.78;3432.05;3438.63
24.08.2017;965814;3443.12;3460.78;3443.12;3444.73
25.08.2017;965814;3447.52;3461.62;3432.77;3438.55
28.08.2017;965814;3432.38;3439.65;3412.33;3421.03
29.08.2017;965814;3411.89;3411.89;3363.68;3388.22
30.08.2017;965814;3405.65;3412.26;3397.27;3403.71
31.08.2017;965814;3409.62;3437.82;3409.62;3421.47
01.09.2017;965814;3425.84;3454.55;3425.84;3443.88
04.09.2017;965814;3436.36;3438.06;3419.06;3430.42
05.09.2017;965814;3432.55;3448.93;3415.98;3420.86
06.09.2017;965814;3407.94;3444.48;3396.69;3433.8
07.09.2017;965814;3437.61;3467.94;3437.61;3447.66
08.09.2017;965814;3441.34;3453.35;3433.63;3447.69
11.09.2017;965814;3456.77;3496.7;3456.77;3495.19
12.09.2017;965814;3498.32;3520.82;3498.32;3512.56
13.09.2017;965814;3509.64;3529.18;3506.61;3523.14
14.09.2017;965814;3521.03;3530.28;3512.01;3526.48
15.09.2017;965814;3526.01;3532.78;3509.93;3515.55
18.09.2017;965814;3523.6;3537.22;3522.59;3526.74
19.09.2017;965814;3524.28;3531.18;3520.93;3531.18
20.09.2017;965814;3528.17;3533.66;3520.72;3525.55
21.09.2017;965814;3531.52;3546.56;3531.52;3539.59
22.09.2017;965814;3534.27;3553.08;3532.39;3541.42
25.09.2017;965814;3537.21;3546.83;3530.88;3537.81
26.09.2017;965814;3534.89;3542.88;3529.19;3536.38
27.09.2017;965814;3538.43;3563.01;3538.43;3555.17
28.09.2017;965814;3556.5;3566.6;3556.5;3563.64
29.09.2017;965814;3563.61;3594.85;3560.73;3594.85
02.10.2017;965814;3590.71;3602.69;3588.4;3602.69
03.10.2017;965814;3605.99;3607.31;3598.71;3605.73
04.10.2017;965814;3606.6;3608.45;3584.82;3594.91
05.10.2017;965814;3592.66;3613.73;3589.66;3613.54
06.10.2017;965814;3614.17;3614.17;3595.5;3603.32
09.10.2017;965814;3604.61;3618.34;3600.94;3610.5
10.10.2017;965814;3607;3609.04;3589.98;3598.79
11.10.2017;965814;3600.17;3608.51;3591.24;3607.39
12.10.2017;965814;3608.16;3608.16;3595.56;3605.54
13.10.2017;965814;3607.09;3618.35;3599.51;3604.55
16.10.2017;965814;3607.18;3613.49;3600.22;3606.27
17.10.2017;965814;3609.3;3619.66;3598.12;3607.77
18.10.2017;965814;3608.02;3625.87;3607.21;3619.65
19.10.2017;965814;3616.49;3616.49;3586.35;3602.08
20.10.2017;965814;3608.75;3617.52;3600.05;3605.09
23.10.2017;965814;3606.71;3625.65;3597.08;3608.87
24.10.2017;965814;3606.64;3624.73;3605.03;3610.69
25.10.2017;965814;3609.02;3622.62;3585.32;3591.46
26.10.2017;965814;3593.99;3639.81;3580.21;3637.2
27.10.2017;965814;3642.79;3670;3642.79;3652.23
30.10.2017;965814;3653.02;3668.55;3653.02;3662.18
31.10.2017;965814;3664.69;3677.66;3662.77;3673.95
01.11.2017;965814;3676.99;3708.82;3676.99;3697.4
02.11.2017;965814;3693.4;3698.56;3673.25;3688.8
03.11.2017;965814;3691.57;3694.03;3677.39;3689.96
06.11.2017;965814;3684.26;3685.75;3670.47;3682.36
07.11.2017;965814;3684.23;3695.32;3656.18;3658.77
08.11.2017;965814;3660.71;3667.69;3642.1;3655.04
09.11.2017;965814;3655.59;3661.05;3610.01;3612.5
10.11.2017;965814;3614.91;3620.01;3591.15;3593.76
13.11.2017;965814;3596.7;3601.45;3546.32;3574.52
14.11.2017;965814;3576.88;3588.33;3546.2;3556.38
15.11.2017;965814;3554.05;3554.05;3519.35;3545.72
16.11.2017;965814;3549.29;3576.86;3549.29;3564.8
17.11.2017;965814;3564.96;3572.16;3541.22;3547.46
20.11.2017;965814;3545.52;3567.07;3536.21;3561.41
21.11.2017;965814;3557.27;3591.53;3551.4;3579.32
22.11.2017;965814;3581.21;3596.64;3562.53;3562.65
23.11.2017;965814;3558.22;3581.01;3545.57;3572.07
24.11.2017;965814;3571.86;3601.16;3568.55;3581.23
27.11.2017;965814;3576.18;3596.79;3564.02;3564.02
28.11.2017;965814;3565.8;3587.28;3559.13;3583.49
29.11.2017;965814;3593.83;3619.43;3585.51;3589.91
30.11.2017;965814;3593.53;3614.6;3569.93;3569.93
01.12.2017;965814;3571.63;3575.29;3524.36;3527.55
04.12.2017;965814;3536.38;3585.68;3536.38;3576.22
05.12.2017;965814;3572.78;3583.08;3552.34;3570.57
06.12.2017;965814;3561.94;3569.34;3531.57;3561.57
07.12.2017;965814;3561.99;3579.52;3558.5;3573.13
08.12.2017;965814;3577;3612.39;3577;3591.45
11.12.2017;965814;3594.7;3601.22;3579.18;3582.21
12.12.2017;965814;3584.67;3600.35;3568.53;3600.35
13.12.2017;965814;3599.92;3601.89;3581.75;3581.75
14.12.2017;965814;3578.82;3582.53;3556.22;3556.22
15.12.2017;965814;3554.37;3562.66;3542.85;3560.53
18.12.2017;965814;3568;3613.41;3568;3609.42
19.12.2017;965814;3609.18;3613.57;3581.95;3582.22
20.12.2017;965814;3580.58;3585.62;3545.64;3552.65
21.12.2017;965814;3550.84;3574.96;3534.22;3570.78
22.12.2017;965814;3565.99;3565.99;3548.47;3553.39
27.12.2017;965814;3553.16;3568.91;3541.43;3550.17
28.12.2017;965814;3549.45;3549.75;3519.85;3524.31
29.12.2017;965814;3524.12;3524.24;3503.2;3503.96
02.01.2018;965814;3506.5;3508.37;3469.23;3490.19
03.01.2018;965814;3492.9;3519.73;3488.91;3509.88
04.01.2018;965814;3520.84;3580.47;3520.84;3568.88
05.01.2018;965814;3570.51;3608.7;3570.51;3607.63
08.01.2018;965814;3610.97;3624.74;3608.82;3616.45
09.01.2018;965814;3617.48;3629.73;3614.16;3622.87
10.01.2018;965814;3619.88;3625.35;3599.14;3609.83
11.01.2018;965814;3613.99;3617.75;3588.07;3595.24
12.01.2018;965814;3597.19;3616.01;3597.19;3612.61
15.01.2018;965814;3612.73;3623.44;3603.47;3611.81
16.01.2018;965814;3613.1;3639.05;3611.56;3622.01
17.01.2018;965814;3613.09;3624.68;3603.3;3612.78
18.01.2018;965814;3616.75;3628.13;3606.2;3620.91
19.01.2018;965814;3622.22;3653.03;3619.23;3649.07
22.01.2018;965814;3650.78;3665.53;3644.86;3665.28
23.01.2018;965814;3675.44;3687.22;3662.86;3672.29
24.01.2018;965814;3671.01;3674.5;3643.22;3643.22
25.01.2018;965814;3640.71;3659.33;3614.06;3630.15
26.01.2018;965814;3631.29;3652.48;3630.43;3647.41
29.01.2018;965814;3648.41;3651.21;3636.05;3643.04
30.01.2018;965814;3633.26;3633.35;3601.39;3606.75
31.01.2018;965814;3605.7;3620.94;3600.36;3609.29
01.02.2018;965814;3616.16;3636.22;3567.2;3577.35
02.02.2018;965814;3570.95;3570.95;3523.28;3523.28
05.02.2018;965814;3517.24;3517.24;3474.85;3478.77
06.02.2018;965814;3415.57;3440.38;3362.85;3394.92
07.02.2018;965814;3408.1;3465.9;3402.34;3454.52
08.02.2018;965814;3433.19;3443.75;3360.54;3377.3
09.02.2018;965814;3372.19;3379.46;3306.66;3325.99
12.02.2018;965814;3334.17;3387.07;3334.17;3368.25
13.02.2018;965814;3367.69;3375.23;3340.93;3340.93
14.02.2018;965814;3350.46;3381.13;3314.5;3369.83
15.02.2018;965814;3373.91;3414.34;3373.91;3389.63
16.02.2018;965814;3398.61;3432.07;3398.61;3426.8
19.02.2018;965814;3432.53;3436.68;3404.09;3407.79
20.02.2018;965814;3407.66;3436.21;3398.92;3435.08
21.02.2018;965814;3431.68;3432.97;3405.35;3430.16
22.02.2018;965814;3418.53;3440.19;3393.28;3431.99
23.02.2018;965814;3435.74;3444.23;3423.62;3441.46
26.02.2018;965814;3449.16;3469.98;3449.16;3463.18
27.02.2018;965814;3468.28;3476.21;3448.53;3458.03
28.02.2018;965814;3451.47;3462.98;3434.04;3438.96
01.03.2018;965814;3429.96;3435.28;3387.02;3399.16
02.03.2018;965814;3386.54;3386.54;3316.75;3324.75
05.03.2018;965814;3314.74;3360.45;3309.25;3355.32
06.03.2018;965814;3366.56;3390.81;3357.86;3357.86
07.03.2018;965814;3354.26;3384.29;3337.39;3377.36
08.03.2018;965814;3376.65;3419.33;3374.77;3413.28
09.03.2018;965814;3410.95;3435.04;3403.06;3420.54
12.03.2018;965814;3434.51;3444.04;3417.97;3429.48
13.03.2018;965814;3430.57;3446.42;3385.64;3397.35
14.03.2018;965814;3397.48;3417;3384.2;3390.98
15.03.2018;965814;3394.31;3419.01;3391.11;3414.13
16.03.2018;965814;3412.86;3448.63;3411.82;3437.4
19.03.2018;965814;3430.6;3430.6;3386.86;3394.79
20.03.2018;965814;3398.88;3415.35;3383.17;3412.08
21.03.2018;965814;3413.67;3418.43;3387.29;3401.04
22.03.2018;965814;3393.61;3394.38;3320.09;3348.19
23.03.2018;965814;3339.7;3339.7;3279.46;3298.07
26.03.2018;965814;3301.5;3320.86;3261.86;3278.72
27.03.2018;965814;3286.7;3336.8;3286.7;3316.95
28.03.2018;965814;3306.34;3331.25;3267.96;3331.25
29.03.2018;965814;3335.69;3379.38;3333.25;3361.5
03.04.2018;965814;3349.02;3359.12;3324.45;3346.93
04.04.2018;965814;3345.76;3350.97;3300.5;3340.35
05.04.2018;965814;3353.71;3433.81;3353.71;3429.95
06.04.2018;965814;3419.94;3421.73;3399.97;3408.1
09.04.2018;965814;3413.89;3433.68;3403.2;3414.85
10.04.2018;965814;3425.82;3445.34;3425.82;3438.78
11.04.2018;965814;3435.64;3435.64;3411.63;3419.71
12.04.2018;965814;3419.6;3447.52;3413.68;3443.97
13.04.2018;965814;3445.03;3466.99;3438.93;3448
16.04.2018;965814;3450.39;3455.03;3435.58;3441.04
17.04.2018;965814;3444.39;3486.53;3444.39;3477.91
18.04.2018;965814;3476.59;3494.82;3476.59;3490.89
19.04.2018;965814;3492.91;3495.39;3478.63;3486.6
20.04.2018;965814;3484.56;3505.44;3479.24;3494.2
23.04.2018;965814;3494.07;3514.65;3482.27;3513.06
24.04.2018;965814;3509.4;3523.81;3493.88;3510.88
25.04.2018;965814;3500.6;3500.6;3464.35;3485.83
26.04.2018;965814;3485.97;3507.83;3477.23;3506.03
27.04.2018;965814;3510.28;3522.59;3503.59;3518.78
30.04.2018;965814;3516.71;3538.17;3512.7;3536.52
02.05.2018;965814;3532.87;3557.87;3531.84;3553.79
03.05.2018;965814;3548.09;3549.14;3523;3529.12
04.05.2018;965814;3531.4;3550.59;3524.48;3550.59
07.05.2018;965814;3545.47;3566.06;3540.14;3564.19
08.05.2018;965814;3562.51;3564.73;3541.94;3557.88
09.05.2018;965814;3559.92;3570.63;3556.96;3569.74
10.05.2018;965814;3564.83;3574.09;3549.26;3569.71
11.05.2018;965814;3565.15;3569.72;3556.22;3565.52
14.05.2018;965814;3564.9;3568.53;3553.67;3565.74
15.05.2018;965814;3562.46;3570.33;3552.23;3564.29
16.05.2018;965814;3562.54;3567.6;3550.9;3562.85
17.05.2018;965814;3562.24;3592.18;3562.24;3592.18
18.05.2018;965814;3582.56;3596.2;3566.53;3573.76
21.05.2018;965814;3572.48;3584.49;3570.97;3572.57
22.05.2018;965814;3575.22;3595.1;3572.38;3587.25
23.05.2018;965814;3580.67;3580.67;3528.12;3541.82
24.05.2018;965814;3543.09;3560.56;3507.39;3521.76
25.05.2018;965814;3526.43;3551.82;3493.61;3515.36
28.05.2018;965814;3511.29;3540.03;3473.35;3482.64
29.05.2018;965814;3467.09;3467.09;3398.32;3428.14
30.05.2018;965814;3420.79;3446.28;3408.56;3441.19
31.05.2018;965814;3445.07;3455.15;3391.01;3406.65
01.06.2018;965814;3420.84;3468.14;3420.84;3453.54
04.06.2018;965814;3465.25;3485.33;3463.33;3469.57
05.06.2018;965814;3467.26;3497.32;3456.79;3456.79
06.06.2018;965814;3457.45;3470.51;3434.35;3460.82
07.06.2018;965814;3468.52;3489.96;3449.69;3459.77
08.06.2018;965814;3452.35;3454.12;3422.03;3447.3
11.06.2018;965814;3451.5;3483.7;3451.5;3480.22
12.06.2018;965814;3490.76;3497.03;3472.64;3475.58
13.06.2018;965814;3475.29;3488.13;3464.26;3479.56
14.06.2018;965814;3466.43;3534.31;3457.12;3527.11
15.06.2018;965814;3528.71;3540.64;3505.02;3505.02
18.06.2018;965814;3500.25;3500.9;3451.9;3466.65
19.06.2018;965814;3459.54;3459.54;3410.41;3435.3
20.06.2018;965814;3443.51;3461.65;3437.24;3439.6
21.06.2018;965814;3442.69;3456.61;3395.27;3403.51
22.06.2018;965814;3407.29;3441.6;3407.29;3441.6
25.06.2018;965814;3422.6;3425.4;3369.21;3369.21
26.06.2018;965814;3379.14;3387.09;3363.33;3368.72
27.06.2018;965814;3368.12;3424.6;3340.85;3397.13
28.06.2018;965814;3383.43;3403.36;3347.94;3365.52
29.06.2018;965814;3389.44;3420.97;3389.44;3395.6
02.07.2018;965814;3375.56;3386.07;3345.09;3372.21
03.07.2018;965814;3382.68;3420.38;3379.01;3406.34
04.07.2018;965814;3402.02;3417.69;3400.45;3412.03
05.07.2018;965814;3411.24;3459.91;3411.24;3440.92
06.07.2018;965814;3449.5;3453.91;3430.31;3448.49
09.07.2018;965814;3458.45;3471.5;3451.96;3460.44
10.07.2018;965814;3465.25;3480.44;3455.98;3473.31
11.07.2018;965814;3454.66;3454.66;3422.35;3422.35
12.07.2018;965814;3427.21;3445.7;3418.06;3445.49
13.07.2018;965814;3454.29;3466.26;3447.87;3454.54
16.07.2018;965814;3455.17;3464.39;3441.88;3449.08
17.07.2018;965814;3445.34;3461.93;3429.96;3457.5
18.07.2018;965814;3468.51;3487;3468.51;3485.08
19.07.2018;965814;3481.41;3486.98;3466.72;3471.64
20.07.2018;965814;3466.41;3481.83;3431.95;3460.03
23.07.2018;965814;3453.91;3460.4;3439.68;3454.05
24.07.2018;965814;3460.66;3493.98;3460.48;3483.31
25.07.2018;965814;3482.31;3486.04;3460;3468.45
26.07.2018;965814;3472.82;3509.26;3472.82;3509.26
27.07.2018;965814;3512.74;3529.39;3509.67;3527.18
30.07.2018;965814;3517.56;3521.42;3511.9;3512.31
31.07.2018;965814;3512.03;3536.87;3509.1;3525.49
01.08.2018;965814;3527.82;3531.61;3506.68;3509.23
02.08.2018;965814;3505.11;3505.11;3460.14;3469.21
03.08.2018;965814;3474.82;3491.47;3470.26;3482.4
06.08.2018;965814;3483.19;3502.35;3472.01;3483.3
07.08.2018;965814;3487.03;3514.97;3487.03;3504.37
08.08.2018;965814;3502.17;3509.31;3486.57;3493.6
09.08.2018;965814;3490.37;3496.97;3478.28;3494.13
10.08.2018;965814;3486.31;3486.31;3413.68;3426.28
13.08.2018;965814;3423.37;3424.23;3400.23;3409.68
14.08.2018;965814;3415.08;3435.12;3398.38;3409.44
15.08.2018;965814;3411.27;3422.86;3349.14;3359.08
16.08.2018;965814;3366.01;3381.63;3357.49;3377.56
17.08.2018;965814;3378.49;3385.74;3354.3;3372.94
20.08.2018;965814;3376.38;3405.17;3376.38;3393.67
21.08.2018;965814;3390.26;3424;3387.04;3411.66
22.08.2018;965814;3408.28;3429.59;3404.87;3420.18
23.08.2018;965814;3420.6;3430.37;3416.1;3419.26
24.08.2018;965814;3419.45;3436.55;3419.45;3427.44
27.08.2018;965814;3435.12;3460.72;3433.59;3456.01
28.08.2018;965814;3459.12;3463.03;3447.55;3447.57
29.08.2018;965814;3448.44;3457.84;3438.15;3456.13
30.08.2018;965814;3452.94;3452.94;3423.42;3430.99
31.08.2018;965814;3428.63;3428.63;3389.92;3392.9
03.09.2018;965814;3391.82;3397.24;3382.02;3394.99
04.09.2018;965814;3401.25;3408.25;3343.98;3359.36
05.09.2018;965814;3352.71;3352.71;3315.62;3315.62
06.09.2018;965814;3315.88;3328.69;3295.95;3295.95
07.09.2018;965814;3298.01;3305.63;3274.4;3293.36
10.09.2018;965814;3291.65;3323.55;3288.97;3309.28
11.09.2018;965814;3313.09;3318.59;3286.97;3311.66
12.09.2018;965814;3313.98;3329.55;3304.8;3326.6
13.09.2018;965814;3325.44;3354.07;3323.09;3333.68
14.09.2018;965814;3339.31;3351.53;3334.24;3344.63
17.09.2018;965814;3340.04;3351.35;3333.47;3346.11
18.09.2018;965814;3343.99;3368.31;3337.37;3358.46
19.09.2018;965814;3359.87;3373.9;3351.64;3368.56
20.09.2018;965814;3369;3409.22;3368.37;3403.12
21.09.2018;965814;3407.46;3436.48;3407.46;3430.81
24.09.2018;965814;3426.85;3426.85;3405.42;3410.44
25.09.2018;965814;3410.05;3425.64;3408.7;3419.78
26.09.2018;965814;3421.9;3433.33;3415.58;3433.15
27.09.2018;965814;3429.58;3452.41;3408.48;3449.79
28.09.2018;965814;3440.4;3440.4;3380.27;3399.2
01.10.2018;965814;3399.96;3425.45;3398.34;3414.16
02.10.2018;965814;3403.59;3403.59;3370.95;3388.99
03.10.2018;965814;3395.16;3414.23;3389.52;3405.48
04.10.2018;965814;3400.12;3400.15;3371.22;3375.08
05.10.2018;965814;3374.27;3377.7;3343.67;3345.51
08.10.2018;965814;3338.02;3338.02;3306.28;3309.72
09.10.2018;965814;3311.34;3327.53;3278.02;3321.79
10.10.2018;965814;3321.59;3321.59;3266.23;3266.9
11.10.2018;965814;3245.58;3254.37;3206.2;3209.19
12.10.2018;965814;3219.19;3245.16;3193.4;3194.41
15.10.2018;965814;3193.79;3214.91;3180.61;3210.37
16.10.2018;965814;3211.47;3260.81;3208.14;3257.34
17.10.2018;965814;3260.29;3282.23;3230.3;3243.08
18.10.2018;965814;3241.79;3258.34;3211.59;3211.59
19.10.2018;965814;3210.82;3225.64;3183.2;3210.82
22.10.2018;965814;3217.55;3245.87;3187.5;3190.09
23.10.2018;965814;3179.07;3179.07;3132.29;3140.94
24.10.2018;965814;3144.16;3185.99;3128.93;3130.33
25.10.2018;965814;3126.69;3166.44;3107.88;3164.4
26.10.2018;965814;3157.11;3157.11;3090.85;3134.89
29.10.2018;965814;3139.03;3182.23;3138.7;3154.93
30.10.2018;965814;3157.31;3169.75;3123.92;3147.13
31.10.2018;965814;3160.02;3210.29;3160.02;3197.51
01.11.2018;965814;3196.13;3227.42;3192.38;3204.21
02.11.2018;965814;3217.78;3251.67;3214.41;3214.41
05.11.2018;965814;3215.73;3230.98;3210.76;3217.37
06.11.2018;965814;3219.08;3222.59;3197.14;3207.42
07.11.2018;965814;3212.67;3251.95;3212.67;3246.16
08.11.2018;965814;3248.7;3263.72;3231.8;3237.6
09.11.2018;965814;3233.11;3234.79;3204.94;3229.49
12.11.2018;965814;3237.95;3248.33;3192.58;3194.08
13.11.2018;965814;3200.08;3228.88;3196.7;3224.82
14.11.2018;965814;3213.35;3239.99;3179.08;3205.36
15.11.2018;965814;3210.04;3227.74;3164.85;3190.31
16.11.2018;965814;3197.61;3214.57;3158.87;3180.74
19.11.2018;965814;3184.51;3206.58;3157.95;3160.33
20.11.2018;965814;3153.19;3153.19;3100.77;3116.07
21.11.2018;965814;3124.6;3156.77;3124.6;3153.91
22.11.2018;965814;3148.8;3148.8;3121.59;3126.67
23.11.2018;965814;3127.94;3145.04;3114.74;3137.21
26.11.2018;965814;3151.22;3184.66;3151.22;3172.71
27.11.2018;965814;3173.14;3186.84;3151.89;3166.42
28.11.2018;965814;3170.96;3184.68;3165.83;3168.29
29.11.2018;965814;3176.31;3197.9;3169.85;3174.16
30.11.2018;965814;3178.06;3182.16;3159.08;3173.13
03.12.2018;965814;3187.33;3244.98;3187.33;3214.99
04.12.2018;965814;3208.44;3210.51;3189;3189.25
05.12.2018;965814;3181.68;3181.68;3146.11;3150.27
06.12.2018;965814;3139.85;3139.85;3033.95;3045.94
07.12.2018;965814;3057.99;3097.92;3057.99;3058.53
10.12.2018;965814;3054.67;3054.67;3007.53;3016.99
11.12.2018;965814;3028.93;3083.5;3028.93;3055.32
12.12.2018;965814;3059.25;3119.2;3059.25;3107.97
13.12.2018;965814;3110.57;3128.1;3100.11;3112.17
14.12.2018;965814;3102.09;3103.17;3063.23;3092.6
17.12.2018;965814;3088.97;3092.82;3053.56;3063.65
18.12.2018;965814;3054.01;3067.54;3040.13;3040.13
19.12.2018;965814;3042.19;3063.7;3042.19;3051.38
20.12.2018;965814;3031.32;3031.32;2993.4;3000.06
21.12.2018;965814;2996.92;3003.06;2957.56;3000.61
24.12.2018;965814;2993.45;2993.45;2973.22;2973.78
27.12.2018;965814;2987.67;2997.24;2908.7;2937.36
28.12.2018;965814;2952.05;2996.17;2951.51;2986.53
31.12.2018;965814;2991.4;3003.01;2990.61;3001.42
02.01.2019;965814;2982.8;3002.52;2936.76;2993.18
03.01.2019;965814;2978.28;2984.52;2950.82;2954.66
04.01.2019;965814;2964.15;3050.66;2964.15;3041.85
07.01.2019;965814;3050;3054.72;3016.32;3033.64
08.01.2019;965814;3032.07;3079.11;3032.07;3054.94
09.01.2019;965814;3062.37;3089.17;3060.96;3070.24
10.01.2019;965814;3065.66;3075.83;3043.55;3075.73
11.01.2019;965814;3079.59;3087.66;3056.36;3070.04
14.01.2019;965814;3060.62;3063.34;3037.13;3055.18
15.01.2019;965814;3066.02;3088.49;3044.53;3068.05
16.01.2019;965814;3073.06;3083.56;3062.27;3077.22
17.01.2019;965814;3069.41;3073;3053.08;3069.35
18.01.2019;965814;3079.15;3137.42;3079.15;3134.92
21.01.2019;965814;3131.85;3131.85;3120.03;3125.07
22.01.2019;965814;3120.32;3122.76;3097.27;3112.8
23.01.2019;965814;3104.08;3132.79;3094.48;3112.13
24.01.2019;965814;3113.89;3136.42;3107.67;3126.31
25.01.2019;965814;3133.81;3168.03;3133.81;3163.24
28.01.2019;965814;3157;3157;3131.26;3137.27
29.01.2019;965814;3136.15;3166.24;3130.75;3153.42
30.01.2019;965814;3155.8;3163.34;3148.84;3161.74
31.01.2019;965814;3163.02;3177.1;3129.58;3159.43
01.02.2019;965814;3162.46;3171.95;3143.5;3171.12
04.02.2019;965814;3170.3;3174.23;3143.87;3165.2
05.02.2019;965814;3165.84;3215.04;3162.78;3215.04
06.02.2019;965814;3208.43;3216.13;3199.03;3212.75
07.02.2019;965814;3204.93;3208.67;3150.76;3150.76
08.02.2019;965814;3151.17;3161.14;3124.62;3135.62
11.02.2019;965814;3142.84;3173.39;3142.84;3165.61
12.02.2019;965814;3176.76;3200.5;3176.76;3190.75
13.02.2019;965814;3194.73;3214.22;3192.03;3202.37
14.02.2019;965814;3212.95;3228.11;3182.66;3182.66
15.02.2019;965814;3179.38;3247.34;3175.71;3241.25
18.02.2019;965814;3239.1;3248.14;3235.57;3244.79
19.02.2019;965814;3242.79;3251.22;3223.4;3239.41
20.02.2019;965814;3241.7;3264.71;3236.74;3259.49
21.02.2019;965814;3261.74;3270.07;3254.57;3263.7
22.02.2019;965814;3263.49;3281.78;3259.74;3270.55
25.02.2019;965814;3275.02;3289.48;3275.02;3280.01
26.02.2019;965814;3275.14;3293.76;3261.03;3289.32
27.02.2019;965814;3283.57;3287.47;3269.98;3282.77
28.02.2019;965814;3271.14;3301.02;3268.95;3298.26
01.03.2019;965814;3306.59;3330.48;3306.59;3312.1
04.03.2019;965814;3318.1;3329.65;3315.63;3317.12
05.03.2019;965814;3316.96;3330.72;3308.64;3327.19
06.03.2019;965814;3322.96;3340.67;3317.98;3324.67
07.03.2019;965814;3321.18;3337.66;3293.34;3308.85
08.03.2019;965814;3299.85;3299.85;3273.68;3283.6
11.03.2019;965814;3290.76;3306.64;3284.68;3304.44
12.03.2019;965814;3312.32;3320.24;3291.91;3303.95
13.03.2019;965814;3301.81;3327.35;3300.17;3323.45
14.03.2019;965814;3322.92;3349.85;3322.92;3342.03
15.03.2019;965814;3345.06;3394.32;3345.06;3386.08
18.03.2019;965814;3385.46;3392.63;3380.65;3387.94
19.03.2019;965814;3389.81;3422.34;3386.26;3409
20.03.2019;965814;3404.1;3406.12;3372.38;3372.38
21.03.2019;965814;3372.36;3376.21;3348.95;3367.4
22.03.2019;965814;3371.68;3377.93;3301.6;3305.73
25.03.2019;965814;3297.41;3313.43;3281.97;3300.48
26.03.2019;965814;3302.13;3326.35;3293.68;3319.53
27.03.2019;965814;3322.64;3344.67;3302.8;3322.04
28.03.2019;965814;3321.34;3337.56;3315.91;3320.29
29.03.2019;965814;3326.45;3354.3;3326.45;3351.71
01.04.2019;965814;3353.67;3390.98;3353.67;3385.38
02.04.2019;965814;3386.18;3402.77;3382.84;3395.7
03.04.2019;965814;3399.93;3435.9;3399.93;3435.56
04.04.2019;965814;3434.34;3449.44;3425.19;3441.93
05.04.2019;965814;3445.05;3453.02;3437.92;3447.47
08.04.2019;965814;3446.15;3447.11;3433.47;3438.06
09.04.2019;965814;3437.07;3450.69;3416.67;3417.22
10.04.2019;965814;3418.36;3435.32;3418.36;3424.65
11.04.2019;965814;3430.73;3442.25;3412.15;3435.34
12.04.2019;965814;3432.16;3454.77;3425.84;3447.83
15.04.2019;965814;3448.91;3456.54;3443.56;3450.46
16.04.2019;965814;3450.75;3465.98;3450.75;3463.36
17.04.2019;965814;3466.89;3486.76;3459.81;3477.73
18.04.2019;965814;3477.67;3506.82;3464.64;3499.23
23.04.2019;965814;3494.4;3506.68;3487.17;3503.85
24.04.2019;965814;3500.56;3515.15;3491.89;3502.63
25.04.2019;965814;3495.41;3496.4;3476.28;3491.92
26.04.2019;965814;3492.06;3503.46;3484.13;3500.41
29.04.2019;965814;3494.47;3508.76;3481.08;3501.94
30.04.2019;965814;3499.71;3514.62;3488.1;3514.62
02.05.2019;965814;3505.77;3511.43;3487.75;3488.93
03.05.2019;965814;3489.48;3510.04;3486.72;3502.48
06.05.2019;965814;3487.54;3487.54;3423.33;3462.95
07.05.2019;965814;3460.56;3467.64;3396.9;3401.16
08.05.2019;965814;3400.19;3423.96;3389.07;3417.26
09.05.2019;965814;3401.99;3401.99;3346.45;3350.71
10.05.2019;965814;3353.68;3386.22;3349.84;3361.05
13.05.2019;965814;3362.52;3365.51;3311.17;3320.78
14.05.2019;965814;3324.85;3364.38;3324.85;3364.38
15.05.2019;965814;3364.88;3385.78;3332.68;3385.78
16.05.2019;965814;3379.7;3438.56;3365.49;3438.56
17.05.2019;965814;3433.69;3436.45;3402.56;3425.64
20.05.2019;965814;3417.12;3426.87;3360.26;3369.78
21.05.2019;965814;3371.26;3395.91;3370.38;3386.51
22.05.2019;965814;3384.92;3396.87;3359.6;3386.72
23.05.2019;965814;3378.48;3378.48;3323.7;3327.2
24.05.2019;965814;3330.99;3365.58;3330.99;3350.7
27.05.2019;965814;3350.6;3380.85;3350.6;3364.04
28.05.2019;965814;3364.23;3369.91;3337.77;3348.86
29.05.2019;965814;3337.38;3337.38;3288.52;3297.81
30.05.2019;965814;3301.51;3323.72;3301.51;3318.15
31.05.2019;965814;3312.41;3312.41;3258.04;3280.43
03.06.2019;965814;3274.97;3300.22;3248.54;3300.22
04.06.2019;965814;3293.63;3338.08;3275.2;3333.49
05.06.2019;965814;3334.4;3355.69;3326.93;3339.95
06.06.2019;965814;3341.29;3370.8;3326.9;3338.41
07.06.2019;965814;3341.33;3391.05;3341.33;3378.38
10.06.2019;965814;3381.52;3391.37;3379.67;3386.45
11.06.2019;965814;3386.73;3418.18;3386.73;3401.1
12.06.2019;965814;3398.58;3398.58;3376.45;3386.63
13.06.2019;965814;3384.32;3401.72;3373.68;3390.5
14.06.2019;965814;3388.78;3388.78;3363.07;3379.19
17.06.2019;965814;3382.45;3393.89;3375.8;3383.21
18.06.2019;965814;3381.5;3458.91;3366.87;3452.89
19.06.2019;965814;3454.52;3457.37;3444.12;3454.7
20.06.2019;965814;3460.1;3487;3460.1;3468.08
21.06.2019;965814;3468.73;3496.79;3459.13;3466.92
24.06.2019;965814;3466.38;3473.75;3449.19;3455.57
25.06.2019;965814;3454.31;3454.31;3440.06;3444.36
26.06.2019;965814;3444.28;3460.16;3434.33;3442.95
27.06.2019;965814;3444.36;3454.21;3424.68;3442.38
28.06.2019;965814;3442.39;3476.89;3442.39;3473.69
01.07.2019;965814;3476.08;3519.98;3476.08;3497.59
02.07.2019;965814;3498.93;3511.13;3491.44;3507.98
03.07.2019;965814;3507.7;3540.63;3507.7;3540.63
04.07.2019;965814;3541.85;3549.26;3537.35;3544.15
05.07.2019;965814;3542.23;3544.02;3514.25;3527.98
08.07.2019;965814;3525.21;3531.47;3514.41;3523.76
09.07.2019;965814;3522.27;3522.27;3492.18;3509.75
10.07.2019;965814;3508.54;3523.6;3497.74;3501.52
11.07.2019;965814;3506.33;3515.77;3493.77;3496.73
12.07.2019;965814;3497.02;3505.79;3492.18;3497.63
15.07.2019;965814;3497.99;3517.84;3483.17;3502.22
16.07.2019;965814;3500.89;3530.11;3498.34;3521.36
17.07.2019;965814;3520.74;3529.45;3497.25;3501.58
18.07.2019;965814;3497.4;3500.82;3467.25;3482.83
19.07.2019;965814;3488.68;3514.33;3470.4;3480.18
22.07.2019;965814;3478.77;3498.69;3476.43;3489.92
23.07.2019;965814;3496.86;3544.34;3496.86;3532.87
24.07.2019;965814;3533.3;3537.71;3520.84;3532.9
25.07.2019;965814;3538.27;3573.57;3491.77;3510.15
26.07.2019;965814;3511.16;3526.97;3506.49;3524.47
29.07.2019;965814;3522.36;3539.94;3517.12;3523.58
30.07.2019;965814;3523.97;3526.53;3455.13;3462.85
31.07.2019;965814;3464.69;3477.35;3458.11;3466.85
01.08.2019;965814;3458.01;3491.16;3451.6;3490.03
02.08.2019;965814;3473;3473;3368.66;3376.12
05.08.2019;965814;3365.49;3365.49;3302.3;3310.93
06.08.2019;965814;3310.08;3337.54;3291.66;3291.66
07.08.2019;965814;3301.31;3339.07;3283.13;3309.99
08.08.2019;965814;3323.77;3375.38;3323.77;3375.38
09.08.2019;965814;3366.29;3367.43;3326.73;3333.74
12.08.2019;965814;3340.82;3370.63;3318.66;3326.55
13.08.2019;965814;3324.36;3380.81;3298.32;3357.16
14.08.2019;965814;3358.12;3358.73;3276.01;3288.7
15.08.2019;965814;3294.5;3306.88;3239.2;3282.78
16.08.2019;965814;3286.54;3333.44;3286.54;3329.08
19.08.2019;965814;3332.93;3377.76;3332.93;3369.19
20.08.2019;965814;3368.21;3379.96;3341.23;3350.23
21.08.2019;965814;3353.66;3400.06;3353.66;3394.89
22.08.2019;965814;3390.05;3405.35;3366.44;3373.67
23.08.2019;965814;3382.31;3394.21;3334.25;3334.25
26.08.2019;965814;3329.73;3360.93;3318.33;3348.84
27.08.2019;965814;3348.84;3380.88;3334.49;3370.47
28.08.2019;965814;3363.51;3368.23;3334.07;3365.38
29.08.2019;965814;3362.12;3415.36;3356.68;3411.33
30.08.2019;965814;3412.45;3443.08;3412.11;3426.76
02.09.2019;965814;3426.24;3442.71;3426.24;3432.54
03.09.2019;965814;3432.22;3432.22;3406.55;3420.74
04.09.2019;965814;3424.98;3461.06;3424.98;3450.83
05.09.2019;965814;3453.99;3488.48;3453.99;3484.7
06.09.2019;965814;3484.86;3495.87;3479.62;3495.19
09.09.2019;965814;3495.85;3503.05;3486.75;3495.02
10.09.2019;965814;3493.8;3501.68;3479.58;3498.99
11.09.2019;965814;3502.24;3520.95;3502.24;3516.82
12.09.2019;965814;3522.04;3555.1;3512.59;3538.86
13.09.2019;965814;3539.93;3555.85;3534.38;3550.11
16.09.2019;965814;3540.47;3540.47;3518.45;3518.45
17.09.2019;965814;3517.57;3527;3506.36;3521.26
18.09.2019;965814;3520.88;3536.65;3518.01;3528.04
19.09.2019;965814;3527.5;3554.87;3524.37;3552.65
20.09.2019;965814;3552.73;3578.04;3546.3;3571.39
23.09.2019;965814;3565.96;3565.96;3526.26;3536.97
24.09.2019;965814;3542.53;3547.98;3531.65;3532.05
25.09.2019;965814;3526.84;3526.84;3480.28;3513.03
26.09.2019;965814;3509.8;3538.16;3506.05;3532.18
27.09.2019;965814;3534.47;3553.25;3534.47;3545.88
30.09.2019;965814;3545.07;3569.67;3536.91;3569.45
01.10.2019;965814;3573.08;3588.68;3518.25;3518.25
02.10.2019;965814;3516.88;3516.88;3413.31;3413.31
03.10.2019;965814;3414.14;3431.24;3398.64;3417.37
04.10.2019;965814;3423.75;3446.71;3406.44;3446.71
07.10.2019;965814;3442.14;3471.88;3433.87;3471.24
08.10.2019;965814;3473.24;3476.46;3426.82;3432.76
09.10.2019;965814;3433.17;3473.92;3427.77;3462.11
10.10.2019;965814;3469.99;3501.19;3445.44;3493.96
11.10.2019;965814;3494.78;3569.92;3490.52;3569.92
14.10.2019;965814;3565.38;3565.38;3531.23;3556.26
15.10.2019;965814;3562.39;3610.31;3562.39;3598.65
16.10.2019;965814;3600.76;3610.44;3588.09;3599.25
17.10.2019;965814;3595.73;3630.43;3588.62;3588.62
18.10.2019;965814;3587.4;3596.71;3571.01;3579.41
21.10.2019;965814;3583.37;3608.95;3578.81;3600.08
22.10.2019;965814;3600.94;3609.34;3586.64;3604.82
23.10.2019;965814;3595.78;3608.63;3585.76;3606.89
24.10.2019;965814;3611.62;3626.88;3607.84;3621.37
25.10.2019;965814;3622.79;3631.04;3604.4;3624.68
28.10.2019;965814;3623.84;3637.94;3614.83;3625.69
29.10.2019;965814;3625.53;3625.99;3611.77;3622.09
30.10.2019;965814;3616.25;3624.53;3596.3;3620.29
31.10.2019;965814;3625.36;3631.87;3593.6;3604.41
01.11.2019;965814;3610.22;3633.64;3607.68;3623.74
04.11.2019;965814;3631.45;3671.81;3631.45;3665.21
05.11.2019;965814;3666.54;3678.63;3661.21;3676.52
06.11.2019;965814;3675.43;3692.2;3671.24;3688.74
07.11.2019;965814;3694.97;3708.65;3694.97;3706.68
08.11.2019;965814;3703.35;3706.91;3687.99;3699.65
11.11.2019;965814;3696.97;3702.78;3683.33;3696.82
12.11.2019;965814;3700.49;3719.4;3700.11;3712.2
13.11.2019;965814;3710.74;3710.74;3679.63;3699.5
14.11.2019;965814;3699.73;3702.94;3687.27;3688.81
15.11.2019;965814;3698.06;3713.26;3690.06;3711.61
18.11.2019;965814;3711.18;3716.79;3687.3;3704.92
19.11.2019;965814;3704.88;3733.45;3688.59;3696.56
20.11.2019;965814;3688.86;3688.86;3663.21;3683.88
21.11.2019;965814;3675.75;3688.37;3651.51;3679.66
22.11.2019;965814;3682.22;3709.88;3682.22;3687.32
25.11.2019;965814;3697.49;3710.87;3697.49;3707.68
26.11.2019;965814;3708.43;3711.75;3694.7;3705.55
27.11.2019;965814;3708.71;3721.76;3704.49;3712.85
28.11.2019;965814;3707.05;3708.16;3698.22;3704.48
29.11.2019;965814;3699.34;3719.83;3686.94;3703.58
02.12.2019;965814;3703.76;3729.74;3623.12;3626.66
03.12.2019;965814;3635.15;3647.52;3594.8;3610.99
04.12.2019;965814;3611.95;3665.9;3611.95;3660.02
05.12.2019;965814;3663;3683.07;3648.13;3648.13
06.12.2019;965814;3653.23;3692.4;3653.23;3692.34
09.12.2019;965814;3691.86;3691.86;3671.07;3672.18
10.12.2019;965814;3671.97;3675.88;3625;3671.78
11.12.2019;965814;3667.45;3692.11;3659.53;3687.45
12.12.2019;965814;3689.67;3723.6;3675.63;3706.35
13.12.2019;965814;3720.65;3765.7;3720.65;3731.07
16.12.2019;965814;3738.91;3778.47;3738.91;3772.74
17.12.2019;965814;3769.14;3769.14;3742.62;3745.28
18.12.2019;965814;3744;3755.81;3739;3739
19.12.2019;965814;3741.53;3747.34;3722.57;3739.17
20.12.2019;965814;3740.71;3776.56;3738.22;3776.56
23.12.2019;965814;3775.07;3778.98;3767.8;3776.66
24.12.2019;965814;3774.13;3774.66;3770.91;3774.39
27.12.2019;965814;3776.82;3794.93;3775.26;3782.27
30.12.2019;965814;3780.44;3780.44;3748.47;3748.47
31.12.2019;965814;3746.61;3749.1;3738.45;3745.15
02.01.2020;965814;3754.24;3801.13;3754.24;3793.24
03.01.2020;965814;3787.57;3787.57;3745.54;3773.37
06.01.2020;965814;3764.34;3764.34;3710.94;3752.52
07.01.2020;965814;3760.09;3784.42;3748.13;3759.25
08.01.2020;965814;3752.87;3775.43;3732.9;3772.56
09.01.2020;965814;3782.77;3807.09;3782.77;3795.88
10.01.2020;965814;3801.12;3803.91;3786.93;3789.52
13.01.2020;965814;3789.87;3798.58;3768.45;3779.68
14.01.2020;965814;3779.35;3783.76;3745.47;3774.88
15.01.2020;965814;3774.93;3778.94;3755.3;3768.96
16.01.2020;965814;3770.96;3785.67;3758.55;3774.14
17.01.2020;965814;3780.54;3813.8;3780.54;3808.26
20.01.2020;965814;3804.74;3805.61;3791.51;3799.03
21.01.2020;965814;3786.26;3789.12;3760.36;3789.12
22.01.2020;965814;3792.05;3802.68;3765.49;3769.79
23.01.2020;965814;3764.1;3770.01;3734.06;3736.85
24.01.2020;965814;3744.75;3795.33;3744.75;3779.16
27.01.2020;965814;3754.63;3754.63;3673.8;3677.84
28.01.2020;965814;3684.69;3722.71;3671.74;3719.22
29.01.2020;965814;3717.64;3743.26;3715.74;3736.36
30.01.2020;965814;3717.93;3717.93;3676.66;3690.78
31.01.2020;965814;3697.67;3705.33;3639.44;3640.91
03.02.2020;965814;3646.86;3673.28;3641.84;3661.27
04.02.2020;965814;3670.98;3732.28;3670.98;3732.28
05.02.2020;965814;3727.22;3782.85;3717.72;3777.84
06.02.2020;965814;3791.07;3808.74;3790.54;3805.52
07.02.2020;965814;3804.86;3806.06;3782.21;3798.49
10.02.2020;965814;3794.18;3794.18;3779.1;3793.18
11.02.2020;965814;3804.46;3832.06;3804.46;3825.84
12.02.2020;965814;3829.66;3854.43;3829.66;3854.43
13.02.2020;965814;3849.1;3849.1;3799.98;3846.74
14.02.2020;965814;3847.93;3851.42;3835.79;3840.97
17.02.2020;965814;3843.1;3854.3;3841.06;3853.27
18.02.2020;965814;3848.56;3848.56;3826.23;3836.54
19.02.2020;965814;3846.39;3865.18;3846.39;3865.18
20.02.2020;965814;3867.28;3867.28;3822.98;3822.98
21.02.2020;965814;3816.51;3827.36;3776.82;3800.38
24.02.2020;965814;3762.35;3762.35;3632.29;3647.98
25.02.2020;965814;3655.84;3668.7;3568.48;3572.51
26.02.2020;965814;3567.03;3595.8;3467.58;3577.68
27.02.2020;965814;3553.05;3553.05;3410.7;3455.92
28.02.2020;965814;3431.52;3431.52;3283.18;3329.49
02.03.2020;965814;3355.33;3406.4;3257.99;3338.83
03.03.2020;965814;3355.52;3448.24;3354.3;3371.97
04.03.2020;965814;3374;3438.21;3350.23;3420.56
05.03.2020;965814;3431.78;3438.06;3338.41;3363.58
06.03.2020;965814;3347.83;3347.83;3216.44;3232.07
09.03.2020;965814;3214.2;3214.2;2939.85;2959.07
10.03.2020;965814;2973.61;3088.57;2896.74;2910.02
11.03.2020;965814;2924.93;2998.65;2893.43;2905.56
12.03.2020;965814;2883.25;2883.25;2535.89;2545.23
13.03.2020;965814;2584.36;2793.27;2537.27;2586.02
16.03.2020;965814;2557.71;2557.71;2302.84;2450.37
17.03.2020;965814;2475.18;2555.41;2376.23;2530.5
18.03.2020;965814;2507.33;2507.33;2365.7;2385.82
19.03.2020;965814;2388.94;2461.57;2345.3;2454.08
20.03.2020;965814;2475.14;2613.53;2475.14;2548.5
23.03.2020;965814;2520.48;2588.48;2427.87;2485.54
24.03.2020;965814;2507.61;2715.11;2507.61;2715.11
25.03.2020;965814;2756.99;2829.34;2670.27;2800.14
26.03.2020;965814;2765.86;2847.78;2706.29;2847.78
27.03.2020;965814;2803.09;2803.09;2694.78;2728.65
30.03.2020;965814;2734.92;2765.62;2658.88;2765.62
31.03.2020;965814;2780.8;2827.32;2728.02;2786.9
01.04.2020;965814;2760.54;2760.54;2663.42;2680.3
02.04.2020;965814;2693.13;2711.45;2626.1;2688.49
03.04.2020;965814;2686.07;2693.5;2655.8;2662.99
06.04.2020;965814;2701.86;2804.7;2701.86;2795.97
07.04.2020;965814;2819.53;2914.46;2819.53;2857.67
08.04.2020;965814;2846.25;2851.27;2793.71;2851.27
09.04.2020;965814;2864.45;2922.07;2833.45;2892.79
14.04.2020;965814;2911.2;2956.22;2905.72;2917.74
15.04.2020;965814;2914.3;2914.3;2795.47;2808.2
16.04.2020;965814;2826.7;2853.57;2792.17;2812.35
17.04.2020;965814;2842.1;2931.55;2842.1;2888.3
20.04.2020;965814;2894.91;2909.5;2839.18;2909.5
21.04.2020;965814;2889.57;2889.57;2791.34;2791.34
22.04.2020;965814;2800.81;2838.26;2800.81;2834.9
23.04.2020;965814;2837.32;2883.6;2815.12;2852.46
24.04.2020;965814;2837.33;2849.08;2799.12;2809.07
27.04.2020;965814;2838.96;2882.09;2838.96;2882.09
28.04.2020;965814;2882.81;2951.35;2880.72;2932.06
29.04.2020;965814;2934.49;3000.49;2919.74;2996.08
30.04.2020;965814;3003.21;3023.83;2917.83;2927.93
04.05.2020;965814;2898.89;2898.89;2801.07;2816.48
05.05.2020;965814;2830.33;2878.51;2827.37;2875.91
06.05.2020;965814;2876.45;2878.7;2839.77;2843.76
07.05.2020;965814;2842.82;2883.02;2842.82;2880.6
08.05.2020;965814;2892.95;2912.02;2887.49;2908.11
11.05.2020;965814;2915.72;2927.26;2861.71;2883.75
12.05.2020;965814;2878.61;2896.4;2871.25;2884.2
13.05.2020;965814;2872.01;2872.01;2805.27;2810.55
14.05.2020;965814;2796.48;2796.48;2708.07;2760.23
15.05.2020;965814;2777.43;2801.85;2755.15;2770.7
18.05.2020;965814;2800.07;2923.32;2800.07;2911.88
19.05.2020;965814;2931.17;2944.96;2876.66;2902.58
20.05.2020;965814;2895.51;2946.47;2874.95;2942.39
21.05.2020;965814;2927.65;2936.82;2897.78;2904.98
22.05.2020;965814;2889.38;2922.2;2854.07;2905.47
25.05.2020;965814;2919.1;2971.35;2912.96;2971.35
26.05.2020;965814;2983.65;3009.43;2978.53;2999.22
27.05.2020;965814;3004.09;3067.35;3002.66;3051.08
28.05.2020;965814;3058.75;3102.96;3053.76;3094.47
29.05.2020;965814;3081.78;3096.24;3049.33;3050.2
01.06.2020;965814;3063;3086.41;3058.66;3077.92
02.06.2020;965814;3096.15;3168.48;3096.15;3159.02
03.06.2020;965814;3169.73;3275.68;3169.73;3269.59
04.06.2020;965814;3261.09;3293.26;3232.79;3261.67
05.06.2020;965814;3281.92;3386.96;3281.92;3384.29
08.06.2020;965814;3378.94;3394.9;3341.24;3366.29
09.06.2020;965814;3368.55;3377.2;3294.74;3320.71
10.06.2020;965814;3327.31;3355.76;3289.25;3293.71
11.06.2020;965814;3263.61;3263.61;3144.57;3144.57
12.06.2020;965814;3135.22;3213.76;3110.3;3153.74
15.06.2020;965814;3131.43;3153.37;3054.11;3136.4
16.06.2020;965814;3156.03;3277.87;3156.03;3242.65
17.06.2020;965814;3240.09;3282.92;3238.56;3267.26
18.06.2020;965814;3260.67;3288.18;3225.1;3249.9
19.06.2020;965814;3257;3300.66;3257;3269.1
22.06.2020;965814;3259.43;3279.42;3219.15;3241.69
23.06.2020;965814;3253.33;3317.87;3253.33;3298.83
24.06.2020;965814;3289;3289;3196.12;3196.12
25.06.2020;965814;3196.25;3235.36;3149.67;3218.91
26.06.2020;965814;3233.14;3272.97;3199.81;3204.17
29.06.2020;965814;3196.21;3252.33;3183.11;3232.02
30.06.2020;965814;3235.87;3249.43;3209.96;3234.07
01.07.2020;965814;3239.86;3250.56;3181.12;3228.45
02.07.2020;965814;3239.48;3335.4;3239.48;3320.09
03.07.2020;965814;3321.83;3330.48;3279.07;3294.38
06.07.2020;965814;3314.4;3375.7;3314.4;3350.03
07.07.2020;965814;3338.72;3338.72;3299.99;3321.56
08.07.2020;965814;3310.83;3324.85;3278.1;3286.09
09.07.2020;965814;3291.7;3315.54;3253.58;3261.17
10.07.2020;965814;3255.4;3299.54;3241.29;3296.22
13.07.2020;965814;3311.82;3353.26;3307.56;3350
14.07.2020;965814;3330.08;3330.08;3277.4;3321.39
15.07.2020;965814;3331.84;3399.71;3331.84;3378.21
16.07.2020;965814;3371.05;3376.58;3340.96;3365.35
17.07.2020;965814;3370.51;3375.22;3353.98;3365.6
20.07.2020;965814;3361.25;3393.43;3332.64;3388.34
21.07.2020;965814;3404.16;3451.16;3401.42;3405.35
22.07.2020;965814;3399.88;3402.19;3361.53;3370.76
23.07.2020;965814;3379.57;3400.92;3362.34;3371.74
24.07.2020;965814;3349.54;3349.54;3294.89;3310.89
27.07.2020;965814;3308.17;3317.18;3292.48;3302.84
28.07.2020;965814;3302.68;3316.82;3280.67;3303.56
29.07.2020;965814;3304.22;3314.96;3293.62;3300.16
30.07.2020;965814;3300.61;3300.61;3174.38;3208.2
31.07.2020;965814;3211.21;3245.97;3174.32;3174.32
03.08.2020;965814;3177.76;3263.65;3173.98;3248.28
04.08.2020;965814;3253.84;3278.56;3230.52;3254.29
05.08.2020;965814;3258.32;3293.17;3258.32;3268.38
06.08.2020;965814;3264.08;3286.1;3223.75;3240.39
07.08.2020;965814;3240.52;3256.92;3220.05;3252.65
10.08.2020;965814;3259.27;3276.61;3239.25;3259.71
11.08.2020;965814;3269.91;3349.76;3269.91;3332.12
12.08.2020;965814;3327.88;3377.44;3321.46;3363.18
13.08.2020;965814;3358.09;3368.07;3336.57;3342.85
14.08.2020;965814;3339.33;3339.33;3275.91;3305.05
17.08.2020;965814;3305.65;3319.1;3285.99;3305.85
18.08.2020;965814;3301.36;3333.64;3276.02;3289.64
19.08.2020;965814;3287.08;3317.84;3275.51;3317.62
20.08.2020;965814;3306.69;3306.69;3257.6;3273.98
21.08.2020;965814;3277.61;3292.57;3221.42;3259.75
24.08.2020;965814;3269.51;3338.47;3269.51;3331.74
25.08.2020;965814;3335.01;3373.47;3329.71;3329.71
26.08.2020;965814;3328.42;3357.13;3315.4;3356.76
27.08.2020;965814;3357.02;3359.14;3326.65;3331.04
28.08.2020;965814;3333.19;3339.74;3296.26;3315.54
31.08.2020;965814;3320.68;3346.11;3267.08;3272.51
01.09.2020;965814;3279.11;3311.4;3245.03;3277.58
02.09.2020;965814;3284.3;3358.11;3284.3;3337.77
03.09.2020;965814;3344.21;3396.02;3285.55;3304.22
04.09.2020;965814;3294.93;3328.76;3234.81;3260.59
07.09.2020;965814;3264.43;3320.55;3264.43;3314.07
08.09.2020;965814;3314.85;3320.38;3241.61;3267.37
09.09.2020;965814;3266.87;3332.99;3266.87;3324.83
10.09.2020;965814;3326.28;3337.72;3300.08;3312.77
11.09.2020;965814;3312.78;3329.09;3292.42;3315.81
14.09.2020;965814;3319.94;3346.4;3309.06;3316.79
15.09.2020;965814;3318.4;3344.51;3307.36;3332.26
16.09.2020;965814;3332.12;3348.77;3312.19;3338.84
17.09.2020;965814;3332.86;3332.86;3285.27;3316.57
18.09.2020;965814;3315.3;3326.79;3283.69;3283.69
21.09.2020;965814;3277.42;3277.42;3150.61;3160.95
22.09.2020;965814;3165.72;3195.18;3164.13;3164.13
23.09.2020;965814;3170.55;3223.72;3170.55;3180.11
24.09.2020;965814;3166.02;3181.13;3143.61;3159.64
25.09.2020;965814;3159.28;3160.56;3097.67;3137.06
28.09.2020;965814;3144.52;3227.43;3144.52;3223.19
29.09.2020;965814;3222.32;3224.83;3197.1;3214.3
30.09.2020;965814;3208.91;3225.94;3181.03;3193.61
01.10.2020;965814;3207.17;3224.4;3178.11;3194.09
02.10.2020;965814;3180.83;3190.93;3147.28;3190.93
05.10.2020;965814;3200.49;3224.35;3199.63;3220.22
06.10.2020;965814;3223.64;3251.11;3201.98;3233.3
07.10.2020;965814;3229.93;3245.62;3219.33;3233.43
08.10.2020;965814;3239.95;3270.27;3234.48;3255.76
09.10.2020;965814;3256.86;3276.36;3254.13;3273.12
12.10.2020;965814;3276.5;3305.77;3272.5;3298.12
13.10.2020;965814;3298.63;3298.63;3264.74;3279.19
14.10.2020;965814;3279.2;3287.84;3264.61;3273.28
15.10.2020;965814;3269.87;3269.87;3174.64;3192.69
16.10.2020;965814;3197.29;3258.93;3197.29;3245.47
19.10.2020;965814;3250.13;3282.55;3234.28;3242.51
20.10.2020;965814;3239.75;3250.97;3223.79;3227.87
21.10.2020;965814;3232.63;3238.07;3176.95;3180.7
22.10.2020;965814;3180.96;3185.03;3135.48;3171.41
23.10.2020;965814;3167.96;3217.96;3162.37;3198.86
26.10.2020;965814;3181.95;3181.95;3103.79;3105.25
27.10.2020;965814;3109.08;3112.32;3065.65;3070.6
28.10.2020;965814;3058.86;3058.86;2932.95;2963.54
29.10.2020;965814;2961.49;2985.5;2920.87;2960.03
30.10.2020;965814;2950.28;2972.45;2928.56;2958.21
02.11.2020;965814;2969.37;3029.85;2953.92;3019.54
03.11.2020;965814;3030.89;3101.04;3030.89;3098.72
04.11.2020;965814;3083.79;3164.56;3043.19;3161.07
05.11.2020;965814;3167.78;3222.51;3167.78;3215.56
06.11.2020;965814;3210.37;3224.49;3168.97;3204.05
09.11.2020;965814;3217.4;3442.12;3217.4;3407.91
10.11.2020;965814;3405.49;3460.08;3396.4;3442.62
11.11.2020;965814;3444.57;3473.82;3433.26;3467.3
12.11.2020;965814;3453.36;3457.71;3421.96;3428.2
13.11.2020;965814;3423.63;3457.59;3416.18;3432.07
16.11.2020;965814;3447.86;3497.1;3440.05;3466.21
17.11.2020;965814;3461.54;3471.9;3442.7;3468.48
18.11.2020;965814;3463.97;3489.31;3451.89;3482.17
19.11.2020;965814;3466.67;3466.67;3440.22;3451.97
20.11.2020;965814;3447.96;3484.29;3442.81;3467.6
23.11.2020;965814;3480.59;3506.24;3463.04;3463.04
24.11.2020;965814;3476.61;3510.62;3476.61;3507.98
25.11.2020;965814;3513.77;3520.74;3494.07;3511.9
26.11.2020;965814;3518.67;3524.08;3508.7;3510.94
27.11.2020;965814;3509.79;3536.13;3507.97;3527.79
30.11.2020;965814;3518.91;3538.52;3492.54;3492.54
01.12.2020;965814;3499.28;3532.91;3499.28;3525.24
02.12.2020;965814;3515.64;3523.3;3502.1;3521.32
03.12.2020;965814;3520.53;3523.6;3502.65;3517.1
04.12.2020;965814;3516.18;3540.69;3516.18;3539.27
07.12.2020;965814;3536.05;3536.05;3499.14;3530.08
08.12.2020;965814;3522.99;3531.69;3503.28;3525.87
09.12.2020;965814;3532.04;3557.39;3527.42;3529.02
10.12.2020;965814;3529.04;3541.24;3498.96;3522.31
11.12.2020;965814;3515.83;3515.83;3461.47;3485.84
14.12.2020;965814;3497.84;3531.95;3497.84;3503.96
15.12.2020;965814;3503.38;3528.83;3497.47;3521.5
16.12.2020;965814;3524.12;3560.71;3523.93;3543
17.12.2020;965814;3550.37;3573.45;3550.37;3560.87
18.12.2020;965814;3556.15;3586.44;3544.77;3545.74
21.12.2020;965814;3516.66;3516.66;3401.14;3448.68
22.12.2020;965814;3455.94;3503.03;3455.94;3497.49
23.12.2020;965814;3502.43;3544.55;3502.43;3539.26
24.12.2020;965814;3542.85;3546.02;3539.79;3543.28
28.12.2020;965814;3554.13;3583.21;3554.13;3575.41
29.12.2020;965814;3580.45;3603.17;3576.76;3581.37
30.12.2020;965814;3580.91;3591.25;3569.62;3571.59
31.12.2020;965814;3565.71;3571.61;3552.64;3552.64
04.01.2021;965814;3565.68;3609.91;3548.31;3564.39
05.01.2021;965814;3554.24;3574.98;3524.63;3547.85
06.01.2021;965814;3559.81;3620.57;3547.45;3611.08
07.01.2021;965814;3621.16;3635.64;3604.13;3622.42
08.01.2021;965814;3632.14;3657.83;3630.71;3645.05
11.01.2021;965814;3636.67;3641.74;3595.11;3620.62
12.01.2021;965814;3622.37;3633.68;3600.06;3612.13
13.01.2021;965814;3615.02;3624.19;3599.49;3616.51
14.01.2021;965814;3619.3;3647.32;3619.3;3641.37
15.01.2021;965814;3633.41;3633.46;3573.6;3599.55
18.01.2021;965814;3591.23;3602.98;3577.77;3602.67
19.01.2021;965814;3618.03;3623.26;3591.73;3595.42
20.01.2021;965814;3603.8;3630.44;3603.57;3624.04
21.01.2021;965814;3637.86;3649.73;3616.5;3618.35
22.01.2021;965814;3611.43;3611.43;3570.68;3602.41
25.01.2021;965814;3614.72;3621.49;3540.25;3553.14
26.01.2021;965814;3551.21;3607.42;3551.21;3592.83
27.01.2021;965814;3593.19;3593.19;3502.74;3536.38
28.01.2021;965814;3519.11;3567.06;3473.76;3557.04
29.01.2021;965814;3538.63;3538.63;3481.44;3481.44
01.02.2021;965814;3492.86;3543.18;3492.86;3530.85
02.02.2021;965814;3545.09;3596.2;3545.09;3590.46
03.02.2021;965814;3599.76;3632.67;3599.36;3609.75
04.02.2021;965814;3604.62;3644.64;3604.62;3642.12
05.02.2021;965814;3642.69;3668.4;3642.28;3655.77
08.02.2021;965814;3665.77;3681.82;3661.88;3665.51
09.02.2021;965814;3669.54;3670.8;3649.5;3661.13
10.02.2021;965814;3672.12;3677.16;3628.47;3648.37
11.02.2021;965814;3654.34;3673.39;3648.41;3671.68
12.02.2021;965814;3669.04;3696.19;3649.11;3695.61
15.02.2021;965814;3711.35;3742.53;3706.4;3734.2
16.02.2021;965814;3735.53;3740.56;3718.66;3726.4
17.02.2021;965814;3720.26;3726.35;3696.12;3699.85
18.02.2021;965814;3700.99;3711.38;3672.8;3681.04
19.02.2021;965814;3683.38;3718.99;3681.45;3713.46
22.02.2021;965814;3706.07;3707.42;3660.9;3699.85
23.02.2021;965814;3698.24;3708.11;3643.33;3689.1
24.02.2021;965814;3684.67;3712.66;3681.66;3705.99
25.02.2021;965814;3716.67;3728.65;3685.28;3685.28
26.02.2021;965814;3665.89;3676.59;3622.24;3636.44
01.03.2021;965814;3658.12;3711.52;3658.12;3706.62
02.03.2021;965814;3702.8;3728.47;3689.82;3707.72
03.03.2021;965814;3711.39;3742.5;3687.45;3712.78
04.03.2021;965814;3702.37;3716.31;3680.83;3704.85
05.03.2021;965814;3689.41;3714.26;3656.21;3669.54
08.03.2021;965814;3679.35;3767.45;3679.35;3763.24
09.03.2021;965814;3759.26;3795.63;3754.62;3786.05
10.03.2021;965814;3780.26;3822.66;3780;3819.92
11.03.2021;965814;3827.18;3846.51;3827.18;3845.64
12.03.2021;965814;3840.73;3840.73;3818.25;3833.36
15.03.2021;965814;3840.85;3857.07;3818.2;3829.84
16.03.2021;965814;3842.33;3856.78;3838.22;3850.96
17.03.2021;965814;3846.58;3853.51;3838.43;3849.74
18.03.2021;965814;3856.76;3874.91;3852.25;3867.54
19.03.2021;965814;3851.61;3861.65;3819.38;3837.02
22.03.2021;965814;3828.66;3841.49;3811.8;3833.84
23.03.2021;965814;3827.54;3842.37;3804.9;3827.02
24.03.2021;965814;3820.78;3833.66;3803.84;3832.55
25.03.2021;965814;3822.59;3832.57;3784.09;3832.57
26.03.2021;965814;3841.46;3871.88;3841.46;3866.68
29.03.2021;965814;3871.82;3890.2;3867.25;3882.87
30.03.2021;965814;3885.11;3929.49;3885.11;3926.2
31.03.2021;965814;3923.92;3925.97;3910.9;3919.21
01.04.2021;965814;3922.36;3948.99;3922.36;3945.96
06.04.2021;965814;3950.18;3988.1;3950.18;3970.42
07.04.2021;965814;3965.86;3971.89;3952.12;3956.77
08.04.2021;965814;3961;3977.83;3961;3977.83
09.04.2021;965814;3978.84;3987.73;3970.41;3978.84
12.04.2021;965814;3978.54;3980.52;3961.9;3961.9
13.04.2021;965814;3964.91;3980.57;3953.26;3966.99
14.04.2021;965814;3973.33;3982.08;3968.68;3976.28
15.04.2021;965814;3978.39;3997.69;3978.39;3993.43
16.04.2021;965814;3992.56;4037.61;3991.2;4032.99
19.04.2021;965814;4033.59;4040.88;4017.7;4019.91
20.04.2021;965814;4014.01;4018.66;3935.83;3940.46
21.04.2021;965814;3943.19;3985.31;3943.19;3976.41
22.04.2021;965814;3979.58;4017.19;3979.58;4014.8
23.04.2021;965814;4011.1;4016.82;3981.87;4013.34
26.04.2021;965814;4013.07;4026.33;4004.53;4020.83
27.04.2021;965814;4017.92;4019.21;4001.24;4011.91
28.04.2021;965814;4011.02;4026.74;4006.34;4015.03
29.04.2021;965814;4021.44;4033.87;3985.25;3996.9
30.04.2021;965814;3993.19;4004.84;3974.74;3974.74
03.05.2021;965814;3979.5;4009.73;3965.5;4000.25
04.05.2021;965814;4001.13;4018.14;3919.46;3924.8
05.05.2021;965814;3927.29;4002.79;3927.29;4002.79
06.05.2021;965814;3997.7;4022.74;3974.82;3999.44
07.05.2021;965814;3999.93;4034.25;3999.93;4034.25
10.05.2021;965814;4031.99;4035.66;4014.67;4023.35
11.05.2021;965814;4020.49;4020.49;3917.64;3946.06
12.05.2021;965814;3947.65;3964.8;3925.85;3947.43
13.05.2021;965814;3931.19;3963.61;3857.76;3952.45
14.05.2021;965814;3970.76;4017.44;3961.1;4017.44
17.05.2021;965814;4018.16;4032.11;3993.88;4006.84
18.05.2021;965814;4014.68;4043.21;3996.75;4005.34
19.05.2021;965814;3995.7;3995.7;3892.72;3936.74
20.05.2021;965814;3948.63;3999.91;3936.79;3999.91
21.05.2021;965814;4001.53;4032.97;3999.11;4025.78
24.05.2021;965814;4021.58;4035.73;4021.58;4035.58
25.05.2021;965814;4042.49;4056.95;4036.04;4036.04
26.05.2021;965814;4039.57;4054.14;4022.05;4031.67
27.05.2021;965814;4028.75;4056.79;4019.85;4039.21
28.05.2021;965814;4042.37;4075.87;4042.37;4070.56
31.05.2021;965814;4068.11;4071.74;4037.25;4039.46
01.06.2021;965814;4044.07;4101.26;4044.07;4071.75
02.06.2021;965814;4072.1;4088.5;4064.07;4088.5
03.06.2021;965814;4088.95;4088.95;4051.81;4079.24
04.06.2021;965814;4079.29;4091.95;4070.35;4089.38
07.06.2021;965814;4089.27;4107.03;4069.52;4097.65
08.06.2021;965814;4098.63;4115.62;4092.76;4096.01
09.06.2021;965814;4095.14;4102.06;4078.16;4096.85
10.06.2021;965814;4099.07;4109.2;4080.15;4096.07
11.06.2021;965814;4098.04;4128.99;4097.99;4126.7
14.06.2021;965814;4134.79;4155.24;4127.94;4132.67
15.06.2021;965814;4144.8;4158.36;4143.52;4143.52
16.06.2021;965814;4145.5;4156.81;4138.75;4151.76
17.06.2021;965814;4144.91;4164.58;4131.42;4158.14
18.06.2021;965814;4155.78;4165.59;4078.76;4083.37
21.06.2021;965814;4079.42;4114.19;4049.6;4112.33
22.06.2021;965814;4112.34;4128.4;4093.47;4123.13
23.06.2021;965814;4126.1;4133.98;4075.94;4075.94
24.06.2021;965814;4083.05;4126.41;4083.05;4122.43
25.06.2021;965814;4123.94;4127.45;4105.76;4120.66
28.06.2021;965814;4119.87;4125.73;4089;4089.91
29.06.2021;965814;4092.3;4124.33;4090.29;4107.51
30.06.2021;965814;4104.75;4111.98;4048.05;4064.3
01.07.2021;965814;4068.2;4113.58;4049.6;4078.89
02.07.2021;965814;4082.7;4099.99;4076.23;4084.31
05.07.2021;965814;4081.08;4095.15;4057.91;4087.37
06.07.2021;965814;4087.5;4087.5;4038.77;4052.67
07.07.2021;965814;4055.64;4083.11;4055.64;4078.53
08.07.2021;965814;4070.74;4070.74;3961.98;3991.66
09.07.2021;965814;3996.72;4068.09;3996.72;4068.09
12.07.2021;965814;4068.64;4098.76;4046.11;4093.38
13.07.2021;965814;4094.26;4100.81;4084.78;4094.56
14.07.2021;965814;4088.1;4104.83;4077.14;4099.5
15.07.2021;965814;4096;4096;4046.04;4056.39
16.07.2021;965814;4060.22;4072.58;4014.58;4035.77
19.07.2021;965814;4018.91;4018.91;3904.78;3928.53
20.07.2021;965814;3937.4;3979.28;3920.93;3956.34
21.07.2021;965814;3973.9;4029.09;3973.9;4026.68
22.07.2021;965814;4037.94;4078.58;4037.94;4059.05
23.07.2021;965814;4066.7;4111.43;4066.7;4109.1
26.07.2021;965814;4103.5;4106.4;4072.86;4102.59
27.07.2021;965814;4099.8;4099.8;4056.23;4064.83
28.07.2021;965814;4067.84;4103.45;4065.25;4103.03
29.07.2021;965814;4104.98;4128.81;4104.98;4116.77
30.07.2021;965814;4113.11;4114.28;4078.33;4089.3
02.08.2021;965814;4095.5;4135.68;4095.5;4116.62
03.08.2021;965814;4114.52;4129.21;4102.13;4117.95
04.08.2021;965814;4124.33;4150.09;4124.33;4144.9
05.08.2021;965814;4141.3;4166.14;4141.3;4161.08
06.08.2021;965814;4159.04;4183.92;4155.16;4174.54
09.08.2021;965814;4175.57;4186.05;4170.95;4177.15
10.08.2021;965814;4178.59;4197.12;4178.59;4187.82
11.08.2021;965814;4189.63;4219.06;4184.87;4206.33
12.08.2021;965814;4205.74;4232.22;4204.12;4226.33
13.08.2021;965814;4225.73;4242.26;4223.49;4229.7
16.08.2021;965814;4219.79;4219.79;4188.97;4202.44
17.08.2021;965814;4197.85;4202.02;4172.67;4196.4
18.08.2021;965814;4197.32;4199.5;4179.58;4189.42
19.08.2021;965814;4183.74;4183.74;4082.07;4124.71
20.08.2021;965814;4125.3;4150.66;4105.99;4147.5
23.08.2021;965814;4160.76;4184.03;4157.49;4176.42
24.08.2021;965814;4182.68;4197.67;4163.69;4178.08
25.08.2021;965814;4178.17;4188.23;4178.17;4181.12
26.08.2021;965814;4172.32;4176.28;4141.33;4169.87
27.08.2021;965814;4167.39;4192.09;4160.47;4190.98
30.08.2021;965814;4191.99;4202.87;4191.79;4198.8
31.08.2021;965814;4201.77;4222.62;4175.32;4196.41
01.09.2021;965814;4207;4251.39;4207;4227.27
02.09.2021;965814;4225.03;4239.02;4219.42;4232.1
03.09.2021;965814;4234.26;4234.26;4182.96;4201.98
06.09.2021;965814;4204.07;4252.78;4204.07;4246.13
07.09.2021;965814;4244.4;4245.76;4219.86;4225.01
08.09.2021;965814;4219.82;4219.82;4160.37;4177.15
09.09.2021;965814;4171.46;4194.59;4134.8;4177.11
10.09.2021;965814;4184.05;4205.22;4161.09;4170.35
13.09.2021;965814;4174.67;4210.62;4174.67;4189.53
14.09.2021;965814;4188.35;4202.44;4163.95;4191.67
15.09.2021;965814;4188.92;4196.6;4145.94;4145.94
16.09.2021;965814;4151.63;4190.17;4151.63;4169.87
17.09.2021;965814;4180.28;4213.73;4119.27;4130.84
20.09.2021;965814;4102.19;4102.19;4011.49;4043.63
21.09.2021;965814;4049.69;4106.76;4049.69;4097.51
22.09.2021;965814;4104.43;4150.19;4104.43;4150.19
23.09.2021;965814;4158.21;4206.11;4158.21;4194.92
24.09.2021;965814;4188.43;4188.43;4149.94;4158.51
27.09.2021;965814;4164.63;4196.07;4159.6;4165.48
28.09.2021;965814;4160.47;4160.47;4056.17;4058.82
29.09.2021;965814;4070.45;4108.22;4070.45;4080.22
30.09.2021;965814;4089.16;4116.35;4048.08;4048.08
01.10.2021;965814;4037.16;4055.01;3981.81;4035.3
04.10.2021;965814;4026.7;4037.35;3993.87;3996.41
05.10.2021;965814;4002.61;4066.64;4001.42;4065.43
06.10.2021;965814;4049.64;4049.64;3965.87;4012.65
07.10.2021;965814;4037.48;4099.39;4037.48;4098.34
08.10.2021;965814;4097.12;4101.96;4073.29;4073.29
11.10.2021;965814;4071.15;4076.8;4043.78;4072.52
12.10.2021;965814;4058.54;4063.48;4019.55;4055.09
