Calendar Day,Volume
1/2/2017,-0.2572227910175662
1/3/2017,0.11275751210959134
1/4/2017,-0.016324440869575685
1/5/2017,0.02867679560570824
1/6/2017,-0.004136926722786427
1/9/2017,0.028595209893432227
1/10/2017,-0.009339141539338736
1/11/2017,0.13369534476591366
1/12/2017,0.10532763977649023
1/13/2017,0.025305385160276916
1/16/2017,-0.0661658025981835
1/17/2017,0.18933621055602967
1/18/2017,-0.0455757773090506
1/19/2017,0.010516632810529114
1/20/2017,0.05726991445945928
1/23/2017,0.1364043473190038
1/24/2017,-0.11396909975425651
1/25/2017,0.07399906814125834
1/26/2017,-0.04569592309472198
1/27/2017,-0.06680170317126694
1/30/2017,0.10947527636252091
1/31/2017,0.1911774864161041
2/1/2017,0.04720692181788955
2/2/2017,-0.03761753634022086
2/3/2017,-0.05005294580381292
2/6/2017,0.2515259834188048
2/7/2017,0.024059569862129593
2/8/2017,0.19529909645247912
2/9/2017,0.19796013480614233
2/10/2017,0.06071719748097959
2/13/2017,0.1120825613834599
2/14/2017,-0.09804780582893191
2/15/2017,0.004724922118316266
2/16/2017,0.050633615100970863
2/17/2017,0.10571306857970514
2/20/2017,-0.16807222927888033
2/21/2017,-0.019062839636775186
2/22/2017,0.016429245613029497
2/23/2017,0.06668886950408404
2/24/2017,0.14352593647764322
2/27/2017,-0.04095269896129661
2/28/2017,-0.033546259668916445
3/1/2017,0.13003564172361048
3/2/2017,-0.06705120256537583
3/3/2017,-0.024980771823394643
3/6/2017,-0.17575432531235002
3/7/2017,-0.3677023144221744
3/8/2017,-0.05788894342030182
3/9/2017,-0.25694994432439977
3/10/2017,0.09126784063284621
3/13/2017,0.08323322331490202
3/14/2017,0.5446731083358278
3/15/2017,-0.012288649617939074
3/16/2017,0.03975130499653612
3/17/2017,0.08919740939716636
3/20/2017,-0.09812363955531972
3/21/2017,0.24550281397185109
3/22/2017,0.11172122121481037
3/23/2017,0.0814246395041206
3/24/2017,-0.06240005461599568
3/27/2017,0.043466034888916205
3/28/2017,-0.0060218618022530035
3/29/2017,-0.010960593086968395
3/30/2017,-0.13283426451329028
3/31/2017,0.08959954704866435
4/3/2017,0.15998552151067003
4/4/2017,-0.11252851988967827
4/5/2017,0.03558496416330581
4/6/2017,0.05545142583908874
4/7/2017,-0.006759316391863168
4/10/2017,-0.07436179872579407
4/11/2017,0.17646835347185502
4/12/2017,-0.040131210912935034
4/13/2017,0.0212444154789877
4/18/2017,0.169181855485807
4/19/2017,-0.02492005274750153
4/20/2017,0.1267516400071319
4/21/2017,0.22500280958778007
4/24/2017,0.6528079513313803
4/25/2017,0.10767093790986648
4/26/2017,0.022548401456712663
4/27/2017,-0.09085328615786331
4/28/2017,-0.03768182792635416
5/2/2017,-0.1437490498564017
5/3/2017,-0.18558557561396244
5/4/2017,0.06935395634359387
5/5/2017,0.11181762147478813
5/8/2017,0.13081037626557085
5/9/2017,-0.047269699772755025
5/10/2017,-0.0795987056434248
5/11/2017,0.09948760895539993
5/12/2017,-0.12235235123825183
5/15/2017,-0.06383213203603683
5/16/2017,-0.09172566314244696
5/17/2017,0.2696651146953986
5/18/2017,0.3247125737874854
5/19/2017,0.006960933438630468
5/22/2017,-0.1242357006987625
5/23/2017,-0.10510311485672114
5/24/2017,-0.22582906232226513
5/25/2017,-0.13913836414645792
5/26/2017,-0.14311739734843776
5/29/2017,-0.3507430564127206
5/30/2017,-0.10137459453533365
5/31/2017,0.08797104900302333
6/1/2017,-0.15328982064802316
6/2/2017,-0.04009352215625572
6/5/2017,-0.42726025066506007
6/6/2017,-0.251700346411197
6/7/2017,-0.22585084173978165
6/8/2017,-0.3349668246031716
6/9/2017,-0.18326967721484522
6/12/2017,0.2829105562032055
6/13/2017,0.7083578847660927
6/14/2017,0.5005676933413052
6/15/2017,0.151978664082018
6/16/2017,0.09737491669166987
6/19/2017,0.00918779443360812
6/20/2017,-0.032717620980423745
6/21/2017,0.003917295091790007
6/22/2017,-0.10708159302218456
6/23/2017,-0.10840365000824104
6/26/2017,-0.06148409973684105
6/27/2017,-0.01711372288539953
6/28/2017,0.08177104772272492
6/29/2017,0.31498434653387497
6/30/2017,0.18840703752929322
7/3/2017,-0.0276097169873733
7/4/2017,-0.24036990480232157
7/5/2017,-0.08009795179434764
7/6/2017,0.07416140806527238
7/7/2017,-0.11719659098154794
7/10/2017,-0.13159451676046313
7/11/2017,-0.12079708434049852
7/12/2017,-0.002715648520943581
7/13/2017,-0.08634167595261966
7/14/2017,-0.1574858227154769
7/17/2017,-0.04985331914011737
7/18/2017,0.11666738165907697
7/19/2017,-0.07564432801449911
7/20/2017,0.15723458537331658
7/21/2017,0.27577727736422053
7/24/2017,0.044745131133045735
7/25/2017,-0.018592821154088335
7/26/2017,-0.1178981026242632
7/27/2017,-0.0649561064116298
7/28/2017,-0.009666980934819436
7/31/2017,0.004628109468582775
8/1/2017,-0.017679172675346688
8/2/2017,-0.10138511117199611
8/3/2017,-0.08559512264363572
8/4/2017,-0.0051757793772004845
8/7/2017,-0.1791960185941443
8/8/2017,-0.14088128719853932
8/9/2017,0.1590437403570676
8/10/2017,0.12412712115225888
8/11/2017,0.21212819854905296
8/14/2017,0.07143095035741004
8/15/2017,-0.11537709813179059
8/16/2017,-0.04450603906429218
8/17/2017,0.0458315002547498
8/18/2017,0.19058829584185677
8/21/2017,-0.00913580151077692
8/22/2017,-0.16522739957613503
8/23/2017,-0.11853667695502351
8/24/2017,-0.1615228685596684
8/25/2017,-0.1603584095499715
8/28/2017,-0.16891837991210856
8/29/2017,0.18174734478988963
8/30/2017,-0.09615694032242933
8/31/2017,-0.07541523741437617
9/1/2017,-0.14143274611742346
9/4/2017,-0.40020710259274866
9/5/2017,-0.22946398123984435
9/6/2017,-0.3191012193863513
9/7/2017,-0.06648713946615381
9/8/2017,-0.30496796006132876
9/11/2017,0.2394481725159201
9/12/2017,0.6793316298235759
9/13/2017,0.426315420664358
9/14/2017,0.027908722234492478
9/15/2017,0.01471364381887763
9/18/2017,-0.07023174269379878
9/19/2017,-0.12442549222135457
9/20/2017,-0.11344005636401605
9/21/2017,-0.11605343917428185
9/22/2017,-0.17893060809161876
9/25/2017,-0.05466898870669756
9/26/2017,-0.09937487672061956
9/27/2017,-0.046550377467704296
9/28/2017,-0.14715955630615518
9/29/2017,0.03053209513628674
10/2/2017,0.005865298447028489
10/3/2017,-0.3036114891281234
10/4/2017,-0.07241386737055416
10/5/2017,-0.13506941405692624
10/6/2017,-0.11734571506691904
10/9/2017,-0.1571164370010686
10/10/2017,-0.04444360232126637
10/11/2017,-0.11269659905409984
10/12/2017,-0.2158717511281218
10/13/2017,-0.11513497527429534
10/16/2017,-0.1360573140278739
10/17/2017,-0.1331320178561049
10/18/2017,-0.14611039673588183
10/19/2017,0.14267523588776454
10/20/2017,-0.09420806041183077
10/23/2017,-0.07015539327302805
10/24/2017,-0.15308405081309195
10/25/2017,0.04382803077279118
10/26/2017,0.2239581586545366
10/27/2017,0.2009847180304014
10/30/2017,-0.1266816926934577
10/31/2017,-0.2330176307357682
11/1/2017,0.028270116294017655
11/2/2017,-0.0598112765799067
11/3/2017,-0.16085744895407428
11/6/2017,-0.1268975067450014
11/7/2017,0.07140820453482288
11/8/2017,0.023926406239766607
11/9/2017,0.3427766600819683
11/10/2017,0.10989857194159691
11/13/2017,0.16927049030139169
11/14/2017,0.04098859414096223
11/15/2017,0.20047774665813767
11/16/2017,0.00354998499368675
11/17/2017,-0.01653076841868817
11/20/2017,0.03276901195586157
11/21/2017,0.03587630267023756
11/22/2017,-0.07209277775211503
11/23/2017,0.14965320322724396
11/24/2017,0.029133669065222745
11/27/2017,-0.03511370282687837
11/28/2017,-0.13759345546946228
11/29/2017,0.0015811093270081678
11/30/2017,0.04030033200140293
12/1/2017,0.32248604495250466
12/4/2017,-0.10744135166898094
12/5/2017,-0.29396425880864596
12/6/2017,-0.25807224878426294
12/7/2017,-0.38904817904354017
12/8/2017,-0.31756765564562894
12/11/2017,0.27381234354979767
12/12/2017,0.4456947859767757
12/13/2017,0.19638122000685865
12/14/2017,-0.16005753233995024
12/15/2017,-0.02634487833878496
12/18/2017,0.049189344797754275
12/19/2017,-0.1258774465231216
12/20/2017,-0.06564607629859831
12/21/2017,-0.17294280732415007
12/22/2017,-0.3227739535364129
12/27/2017,-0.15024849684351052
12/28/2017,-0.10439648891468589
12/29/2017,-0.018418709257064958
1/2/2018,-0.04949008561241097
1/3/2018,-0.06132840151352853
1/4/2018,0.12613362987650634
1/5/2018,0.06410254514814928
1/8/2018,0.012137435469581848
1/9/2018,-0.06886160194879021
1/10/2018,0.1348117098294943
1/11/2018,0.0063441445863222645
1/12/2018,-0.019655457414537336
1/15/2018,-0.1428382806580667
1/16/2018,0.06359564069627799
1/17/2018,0.07375414140495107
1/18/2018,0.046428036843768616
1/19/2018,0.05733632642123987
1/22/2018,-0.04208674974987059
1/23/2018,-0.045374830051814696
1/24/2018,-0.029667664398151494
1/25/2018,0.06870723131562928
1/26/2018,-0.16280161546779726
1/29/2018,-0.13785855879814668
1/30/2018,0.026982904749163983
1/31/2018,-0.02211890991291332
2/1/2018,0.2029822870403749
2/2/2018,0.2536679619685207
2/5/2018,0.48152867665327037
2/6/2018,1.2284377273508307
2/7/2018,0.4448646166303858
2/8/2018,0.538571782887395
2/9/2018,0.8035790558211485
2/12/2018,0.29352885340719304
2/13/2018,0.1538607314934879
2/14/2018,0.28438615375915866
2/15/2018,0.11627261463874172
2/16/2018,0.1146319892695713
2/19/2018,-0.20920086680300853
2/20/2018,-0.0657656595800784
2/21/2018,-0.13111766094949667
2/22/2018,-0.012937910058610558
2/23/2018,-0.16770560345770041
2/26/2018,-0.11981134614058819
2/27/2018,-0.017226059803669203
2/28/2018,0.018729960591178374
3/1/2018,0.2992402420982333
3/2/2018,0.23707660765514393
3/5/2018,0.13904349244845482
3/6/2018,0.05720602131866259
3/7/2018,0.2191954122300369
3/8/2018,0.34952704268075796
3/9/2018,0.06847331218630337
3/12/2018,0.3873710130564587
3/13/2018,1.207796174723436
3/14/2018,0.3577328839853757
3/15/2018,-0.38175785435584975
3/16/2018,-0.6324023669935614
3/19/2018,-0.7184122829438688
3/20/2018,-0.6996834912728038
3/21/2018,-0.16299490768021996
3/22/2018,0.3336732207184546
3/23/2018,0.3750285798685594
3/26/2018,0.16041079979241468
3/27/2018,0.06526506988671654
3/28/2018,0.27421970053796385
3/29/2018,0.09749669445384024
4/3/2018,0.019914630449105353
4/4/2018,0.09606053894844557
4/5/2018,0.15485066338690912
4/6/2018,0.04071229565556278
4/9/2018,0.0362520480372569
4/10/2018,-0.03463758915019244
4/11/2018,-0.07390645609426061
4/12/2018,-0.07604682681747871
4/13/2018,-0.063635028223813
4/16/2018,-0.06105964383529111
4/17/2018,0.022804517192626772
4/18/2018,0.002992799861225248
4/19/2018,-0.09393443646648209
4/20/2018,-0.10804270141742961
4/23/2018,-0.10853419706647222
4/24/2018,-0.09955045430714382
4/25/2018,-0.025502188611425614
4/26/2018,-0.12858377815946814
4/27/2018,-0.1753919198756944
4/30/2018,-0.06853239155461277
5/2/2018,-0.07314556711308684
5/3/2018,-0.11037997017639001
5/4/2018,-0.14758460250589078
5/7/2018,-0.21131352854839547
5/8/2018,-0.1671770997449999
5/9/2018,-0.15628356798075255
5/10/2018,-0.21145644915306988
5/11/2018,-0.22228959249359992
5/14/2018,-0.1103264043243199
5/15/2018,-0.11751062431021625
5/16/2018,-0.059350349883048104
5/17/2018,-0.02345357282008842
5/18/2018,0.028406599201495686
5/21/2018,-0.2452946127835743
5/22/2018,-0.021126585985872914
5/23/2018,0.1707069090175648
5/24/2018,0.02681730245950631
5/25/2018,0.08202074405117399
5/28/2018,-0.13844480032781076
5/29/2018,0.4225248897325532
5/30/2018,0.18675100710277492
5/31/2018,0.18651561794177252
6/1/2018,-0.004598263427046834
6/4/2018,-0.18643319282992427
6/5/2018,-0.21967011678683412
6/6/2018,-0.14863165945116819
6/7/2018,-0.3908483561590822
6/8/2018,-0.23116459900435282
6/11/2018,0.09272681656745974
6/12/2018,0.8327445157205147
6/13/2018,0.16794862882010464
6/14/2018,-0.0027857696337454385
6/15/2018,0.22449537952437892
6/18/2018,0.0226634818307484
6/19/2018,0.15525603150043882
6/20/2018,0.017414474626604948
6/21/2018,0.11633589739446987
6/22/2018,-0.03993153595965837
6/25/2018,0.0986219878084903
6/26/2018,-0.0509358701192672
6/27/2018,0.24977206224907245
6/28/2018,0.09318278558429105
6/29/2018,0.09143213249822213
7/2/2018,0.004917330431782108
7/3/2018,-0.1175453184954609
7/4/2018,-0.3481263288382441
7/5/2018,0.005897431374410345
7/6/2018,-0.1044492148022012
7/9/2018,-0.14009845170011886
7/10/2018,-0.11698334157231915
7/11/2018,-0.046598887344123485
7/12/2018,-0.09448698965468977
7/13/2018,-0.1640797252062805
7/16/2018,-0.10462732405663588
7/17/2018,-0.05778666181812114
7/18/2018,-0.052527040294931826
7/19/2018,-0.11258518269933171
7/20/2018,0.09590225532519758
7/23/2018,-0.07166747640044069
7/24/2018,-0.00015782136193165375
7/25/2018,-0.0679384298849241
7/26/2018,-0.07266039172437899
7/27/2018,-0.18617548475950618
7/30/2018,-0.1672741952898369
7/31/2018,-0.0005210184293740205
8/1/2018,-0.1073941797358145
8/2/2018,0.03954838556049256
8/3/2018,-0.1908358185692035
8/6/2018,-0.15472902382459264
8/7/2018,-0.2331522204681789
8/8/2018,-0.21805305476308545
8/9/2018,-0.25544911477412974
8/10/2018,0.18901934861014336
8/13/2018,-0.022132364970902818
8/14/2018,-0.14182431240625548
8/15/2018,0.1107535846891593
8/16/2018,-0.08287988958567488
8/17/2018,-0.052196595046358596
8/20/2018,-0.12900079012914561
8/21/2018,-0.19911861872375958
8/22/2018,-0.21202285637814322
8/23/2018,-0.2651812146924077
8/24/2018,-0.2646521992528378
8/27/2018,-0.20266994197982047
8/28/2018,-0.23830424512873732
8/29/2018,-0.23564511200862553
8/30/2018,-0.11242098318287042
8/31/2018,0.020141313544015715
9/3/2018,-0.23562167757066865
9/4/2018,0.09360678151296231
9/5/2018,0.1484447456532314
9/6/2018,0.1391974263228205
9/7/2018,0.033281575027783505
9/10/2018,-0.14220277514756108
9/11/2018,-0.1532074625142077
9/12/2018,-0.12365418417822915
9/13/2018,-0.3080208089170565
9/14/2018,-0.4322643296469695
9/17/2018,0.367854072500285
9/18/2018,0.4112780831248417
9/19/2018,-0.07462106915631384
9/20/2018,0.21720677867411564
9/21/2018,0.16098047009850902
9/24/2018,-0.06293537009888162
9/25/2018,-0.19089043165522485
9/26/2018,-0.12968062711562944
9/27/2018,-0.07578855486585001
9/28/2018,0.3049926389112495
10/1/2018,-0.06278320730644665
10/2/2018,0.003601363605561181
10/3/2018,-0.16631525666550123
10/4/2018,0.05836573569220316
10/5/2018,0.02868726827798651
10/8/2018,0.06766109505538437
10/9/2018,0.08834267770464554
10/10/2018,0.2068267888848936
10/11/2018,0.7340772256294514
10/12/2018,0.255909542913213
10/15/2018,0.05549524674791473
10/16/2018,0.05209736800515008
10/17/2018,0.05498321846237797
10/18/2018,0.15714163067970544
10/19/2018,0.2078837738627195
10/22/2018,0.04807826138476867
10/23/2018,0.34217069043529547
10/24/2018,0.1667519484174721
10/25/2018,0.2714588603718562
10/26/2018,0.35893364123609994
10/29/2018,0.1778409453237268
10/30/2018,0.060430549018108404
10/31/2018,0.11652898209382367
11/1/2018,0.03511053991161295
11/2/2018,0.0427550299735493
11/5/2018,-0.17552796144669164
11/6/2018,-0.18715749372627777
11/7/2018,-0.0818700922967075
11/8/2018,-0.13193004277319786
11/9/2018,-0.07353795134592767
11/12/2018,0.0013110378607382178
11/13/2018,0.0025882156311511917
11/14/2018,0.12701866846421594
11/15/2018,0.1651744149527028
11/16/2018,0.09359511606551152
11/19/2018,-0.009039449884459927
11/20/2018,0.2867423804111834
11/21/2018,0.03744027804077377
11/22/2018,-0.22307095037312408
11/23/2018,-0.20613151616893188
11/26/2018,-0.011324494009707031
11/27/2018,-0.1218350592221763
11/28/2018,-0.13902777222793394
11/29/2018,-0.07715927282996837
11/30/2018,-0.09086036993435176
12/3/2018,0.07172672907339872
12/4/2018,0.055246470093120115
12/5/2018,-0.20984185196918587
12/6/2018,0.5144788261707074
12/7/2018,0.048510067076008245
12/10/2018,0.040020416933606584
12/11/2018,-0.10616943313414295
12/12/2018,-0.18349662611415385
12/13/2018,0.050557718609024915
12/14/2018,-0.04945107143595351
12/17/2018,0.2747210600858323
12/18/2018,0.6715499909901701
12/19/2018,-0.1775879164033809
12/20/2018,0.14713205774020643
12/21/2018,0.4006718927066091
12/27/2018,0.2622484115432963
12/28/2018,0.19763110321530736
1/2/2019,-0.04247854661017675
1/3/2019,-0.011429832164529308
1/4/2019,0.12077490230122945
1/7/2019,0.0434225476054384
1/8/2019,0.053219560280284295
1/9/2019,-0.0470381997568694
1/10/2019,-0.09329515240315533
1/11/2019,-0.07662222066635016
1/14/2019,-0.029574817571075718
1/15/2019,0.01978108817561508
1/16/2019,-0.03940314467637673
1/17/2019,-0.05524609976319805
1/18/2019,0.24095192364961426
1/21/2019,-0.23289720472729614
1/22/2019,-0.10927838770634474
1/23/2019,-0.09463573321907354
1/24/2019,-0.027645384272584006
1/25/2019,-0.002176868347138816
1/28/2019,-0.08872537599648989
1/29/2019,-0.1886639891076109
1/30/2019,-0.18306962604392146
1/31/2019,0.27551049531744265
2/1/2019,-0.09664633049032978
2/4/2019,-0.09818036885918524
2/5/2019,-0.018646315266840796
2/6/2019,-0.12149527990492226
2/7/2019,0.2080043038099222
2/8/2019,-0.0034641257011875926
2/11/2019,-0.07645199167076344
2/12/2019,-0.1341674211899732
2/13/2019,-0.06991256814172464
2/14/2019,0.13448968003193174
2/15/2019,0.2473699879980934
2/18/2019,-0.2671061579922084
2/19/2019,-0.20995597031505975
2/20/2019,-0.17138852069288102
2/21/2019,-0.13915913106495836
2/22/2019,-0.24221267384176104
2/25/2019,-0.1501741136829287
2/26/2019,-0.08832726517862388
2/27/2019,-0.23911947884878343
2/28/2019,-0.07558355920882953
3/1/2019,-0.10412308385089009
3/4/2019,-0.1647238039162775
3/5/2019,-0.28348300284747774
3/6/2019,-0.34937661657197505
3/7/2019,-0.05510111892022507
3/8/2019,-0.1708767007153833
3/11/2019,-0.010566291930330873
3/12/2019,0.39975854011136813
3/13/2019,-0.06360825740044418
3/14/2019,-0.15658452191997196
3/15/2019,0.11010837616710623
3/18/2019,-0.021851531146004965
3/19/2019,-0.00799317565365204
3/20/2019,0.01578248203802124
3/21/2019,0.06608047174739462
3/22/2019,0.22951385100100463
3/25/2019,0.01105199373657556
3/26/2019,-0.10867643688517586
3/27/2019,0.010162511452581735
3/28/2019,-0.16739444408354542
3/29/2019,-0.09130374773145222
4/1/2019,-0.07217006832417272
4/2/2019,-0.19415671909233906
4/3/2019,-0.06258689870854267
4/4/2019,-0.13561489339040833
4/5/2019,-0.17512505678618162
4/8/2019,-0.16309342316445258
4/9/2019,-0.1070004679524284
4/10/2019,-0.18182809989965443
4/11/2019,-0.12546075030163112
4/12/2019,-0.0676607323645036
4/15/2019,-0.08667626951963081
4/16/2019,-0.16710802734760188
4/17/2019,-0.06315225893883486
4/18/2019,0.04732026539708145
4/23/2019,-0.20988491729247966
4/24/2019,-0.16036883347293368
4/25/2019,-0.12565440236610165
4/26/2019,-0.2652483689163595
4/29/2019,-0.1879024955400379
4/30/2019,-0.0890785416575457
5/2/2019,-0.15355576259274284
5/3/2019,-0.32429596609997596
5/6/2019,-0.05727687210583754
5/7/2019,0.029587641198316694
5/8/2019,-0.013812572407145507
5/9/2019,0.05004128304888322
5/10/2019,-0.039287836097638085
5/13/2019,0.05535677443114101
5/14/2019,-0.07626859072148534
5/15/2019,-0.03936313227159527
5/16/2019,0.07705891396175701
5/17/2019,0.0077757507920658275
5/20/2019,-0.011619140465153943
5/21/2019,-0.166888952035686
5/22/2019,-0.18108059525883397
5/23/2019,0.021253521689851507
5/24/2019,-0.21026363843237156
5/27/2019,-0.3539766475457342
5/28/2019,-0.15692137680025642
5/29/2019,-0.03962910793554231
5/30/2019,-0.2993767045725555
5/31/2019,-0.009044395765564484
6/3/2019,-0.04296683585101613
6/4/2019,-0.08559873994983874
6/5/2019,-0.15595295744067983
6/6/2019,-0.14257386202802863
6/7/2019,-0.11343490167174397
6/10/2019,-0.4228078432732114
6/11/2019,-0.26829592776457856
6/12/2019,-0.3021781637074986
6/13/2019,-0.4783742399999651
6/14/2019,-0.3869086584397041
6/17/2019,0.29998280050220494
6/18/2019,0.9577340816713518
6/19/2019,-0.06064419486787331
6/20/2019,-0.36628700014223403
6/21/2019,0.06132038004056184
6/24/2019,-0.13920681996857287
6/25/2019,-0.15760087390862426
6/26/2019,-0.13739800262969232
6/27/2019,-0.12254726263213384
6/28/2019,-0.07530771183665458
7/1/2019,-0.034049660693594885
7/2/2019,-0.21733666774905253
7/3/2019,-0.1261761871440794
7/4/2019,-0.3306327273580194
7/5/2019,-0.17402010861566986
7/8/2019,-0.168638850563824
7/9/2019,-0.17034963368006695
7/10/2019,-0.16229169367778834
7/11/2019,-0.15628908224563304
7/12/2019,-0.27162261798275467
7/15/2019,-0.1127997172163756
7/16/2019,-0.09675172753401323
7/17/2019,-0.09184793731753199
7/18/2019,0.09763137543238554
7/19/2019,0.061686280828522566
7/22/2019,-0.13942382126477548
7/23/2019,-0.04127441626158068
7/24/2019,-0.16178126566360723
7/25/2019,0.1834020758005951
7/26/2019,-0.2084969940249513
7/29/2019,-0.22781379390336556
7/30/2019,0.08528631095414307
7/31/2019,-0.033582355357877014
8/1/2019,0.01970861850858352
8/2/2019,0.38628384529655047
8/5/2019,0.4089533907854074
8/6/2019,0.18803104814786942
8/7/2019,0.26924857206427977
8/8/2019,-0.032329387804380105
8/9/2019,-0.08317317661755719
8/12/2019,-0.1358992219172897
8/13/2019,0.17319994160537988
8/14/2019,0.1296568372407867
8/15/2019,0.24503360989167233
8/16/2019,0.06109958633286927
8/19/2019,-0.07008251807349869
8/20/2019,-0.12823932916757735
8/21/2019,-0.15873547596310938
8/22/2019,-0.029181315883832548
8/23/2019,0.03268900444545619
8/26/2019,-0.06755554845717299
8/27/2019,-0.09288368248135959
8/28/2019,-0.09233685973870226
8/29/2019,-0.07720935741280438
8/30/2019,-0.03768930037912521
9/2/2019,-0.22209712811287197
9/3/2019,-0.04586651741856029
9/4/2019,0.17654905551558098
9/5/2019,-0.028385535002867335
9/6/2019,-0.14529714255385984
9/9/2019,-0.16641678759813194
9/10/2019,-0.02361302934406473
9/11/2019,0.25870525663663535
9/12/2019,0.527142398182596
9/13/2019,0.14013747451531633
9/16/2019,0.7223832009332997
9/17/2019,0.8668555867168046
9/18/2019,0.12981899300108424
9/19/2019,-0.23318508710258679
9/20/2019,-0.4390080237052397
9/23/2019,-0.8298469965515204
9/24/2019,-0.983582949342052
9/25/2019,-0.5482134708862979
9/26/2019,-0.2182291505107149
9/27/2019,-0.07429843250296647
9/30/2019,0.052209926368183446
10/1/2019,0.07506459335825821
10/2/2019,0.3681683779341517
10/3/2019,0.28071062716866557
10/4/2019,0.1009744478189134
10/7/2019,-0.02453464194479571
10/8/2019,0.01941603889161636
10/9/2019,-0.06627491386206658
10/10/2019,0.021425582878447758
10/11/2019,0.23587426900140052
10/14/2019,-0.0455110457124136
10/15/2019,0.13770630627397507
10/16/2019,0.20375062875451888
10/17/2019,0.1766898470118391
10/18/2019,0.02126343571807865
10/21/2019,-0.10453345813464682
10/22/2019,-0.17018683703076415
10/23/2019,-0.1545914582120383
10/24/2019,-0.06551469244208186
10/25/2019,-0.1848516049629852
10/28/2019,-0.1672018825444317
10/29/2019,-0.1948787680918958
10/30/2019,-0.14991855967384693
10/31/2019,-0.0022986838653106245
11/1/2019,-0.17758560291719155
11/4/2019,-0.015184087754675613
11/5/2019,-0.18867544647869344
11/6/2019,-0.019778523503009904
11/7/2019,-0.15944128221409198
11/8/2019,-0.15593286990715027
11/11/2019,-0.21598922296906164
11/12/2019,-0.19432560495646012
11/13/2019,-0.010055144783714276
11/14/2019,0.002682958404640501
11/15/2019,-0.07438795559661993
11/18/2019,-0.0942397593822144
11/19/2019,-0.061099008225112605
11/20/2019,-0.0017289715347689194
11/21/2019,-0.06889503587312484
11/22/2019,-0.1157078967125168
11/25/2019,-0.198133739873029
11/26/2019,-0.21215048597572272
11/27/2019,-0.11093571774047795
11/28/2019,-0.343309894634954
11/29/2019,-0.08830340420095756
12/2/2019,0.30160259612679663
12/3/2019,0.17297511982257463
12/4/2019,0.011195417624260462
12/5/2019,-0.19153510146706887
12/6/2019,-0.2020449081230249
12/9/2019,-0.20929691049856614
12/10/2019,-0.06911446223247675
12/11/2019,-0.08692922282194449
12/12/2019,0.00753298524196544
12/13/2019,0.5324763984157181
12/16/2019,0.6468317150758407
12/17/2019,0.5814441600939375
12/18/2019,-0.18442767612485578
12/19/2019,-0.5850004901908183
12/20/2019,-0.5605711097046403
12/23/2019,-0.8315116627309129
12/27/2019,-0.24716051868597522
12/30/2019,0.07668854758423749
1/2/2020,0.01050862011507625
1/3/2020,-0.0427431463254756
1/6/2020,0.03507888966554806
1/7/2020,-0.012589017430290728
1/8/2020,0.04642308502215731
1/9/2020,-0.03743410613604925
1/10/2020,-0.0949393764712419
1/13/2020,0.06090626618497175
1/14/2020,0.10701165107537725
1/15/2020,-0.056179478810645944
1/16/2020,0.0007143519838233026
1/17/2020,0.09089307744355146
1/20/2020,-0.2270855016602881
1/21/2020,0.03338775033036567
1/22/2020,0.017288244413717235
1/23/2020,0.1725319514483633
1/24/2020,0.20149088910995805
1/27/2020,0.5949806248068839
1/28/2020,0.2607765943189332
1/29/2020,-0.015482876411050173
1/30/2020,0.25555333010622583
1/31/2020,0.36562849102890926
2/3/2020,0.09029578214986322
2/4/2020,0.08272660842388113
2/5/2020,0.2512423630921061
2/6/2020,0.07787999207482377
2/7/2020,0.026538752082740147
2/10/2020,-0.11320320695035468
2/11/2020,-0.01260207537157565
2/12/2020,-0.061974557222531756
2/13/2020,0.37293845459091424
2/14/2020,-0.03999143436657415
2/17/2020,-0.2004995088304412
2/18/2020,0.11968453017771974
2/19/2020,-0.04233958706362034
2/20/2020,0.08284886821140258
2/21/2020,0.3104004984697343
2/24/2020,1.0471367168052232
2/25/2020,0.8360785717068251
2/26/2020,1.0317798743742699
2/27/2020,1.0579208545036585
2/28/2020,1.5026094291339012
3/2/2020,0.869428536614022
3/3/2020,0.7189157996184975
3/4/2020,0.3949678901539313
3/5/2020,0.5443904008866809
3/6/2020,0.9601695433661797
3/9/2020,1.2801910838634079
3/10/2020,0.7748145350283866
3/11/2020,0.545575301864224
3/12/2020,1.2242268638474656
3/13/2020,1.2183932901759431
3/16/2020,1.1521680396408676
3/17/2020,1.0403638802731627
3/18/2020,0.19715129445224422
3/19/2020,-0.23544402581899315
3/20/2020,-0.2835545896196423
3/23/2020,-0.3619574250822962
3/24/2020,-0.21296083431157775
3/25/2020,0.2572822296318412
3/26/2020,0.28240131770533505
3/27/2020,0.17588735869289351
3/30/2020,0.014461620978747036
3/31/2020,0.1187259116611159
4/1/2020,0.05640439356107907
4/2/2020,0.052051649227728536
4/3/2020,-0.09837997697060036
4/6/2020,0.1323993829537209
4/7/2020,0.26641389114084235
4/8/2020,0.036820304658367387
4/9/2020,0.2619559733418768
4/14/2020,-0.058902470047436095
4/15/2020,0.14570430760799458
4/16/2020,0.017403237534304505
4/17/2020,0.16257887791153158
4/20/2020,0.0011082779782626284
4/21/2020,0.06763601872339609
4/22/2020,-0.13120713590794297
4/23/2020,-0.09322223624379039
4/24/2020,-0.1392078774196716
4/27/2020,-0.13793882036893096
4/28/2020,-0.12866305638061742
4/29/2020,-0.11106826785452445
4/30/2020,0.10524149935198968
5/4/2020,0.05176866398566016
5/5/2020,-0.13594569959631103
5/6/2020,-0.22261458056302758
5/7/2020,-0.25004206725310935
5/8/2020,-0.3070104026899523
5/11/2020,-0.1649467903154312
5/12/2020,-0.18948492291039493
5/13/2020,-0.02675307361529522
5/14/2020,0.21124912990311573
5/15/2020,-0.029650392245510693
5/18/2020,0.05958207729241888
5/19/2020,-0.0012787904133274575
5/20/2020,-0.08041397370904202
5/21/2020,-0.1697581107164594
5/22/2020,-0.2036354263220994
5/25/2020,-0.2896351988385031
5/26/2020,-0.11115594229302228
5/27/2020,0.10980243621657126
5/28/2020,0.00560078021272703
5/29/2020,0.08933053240227795
6/1/2020,-0.13100294957158193
6/2/2020,0.09246254870024939
6/3/2020,0.1919254083180335
6/4/2020,0.09942304928544266
6/5/2020,0.2323125125180695
6/8/2020,-0.07944217684250021
6/9/2020,-0.0679677686702802
6/10/2020,-0.32242874911122055
6/11/2020,-0.07709833113002273
6/12/2020,-0.09609643461373252
6/15/2020,0.4730310936377826
6/16/2020,0.5619101246753855
6/17/2020,-0.13565648692691634
6/18/2020,-0.3331658395780923
6/19/2020,0.053604241401519204
6/22/2020,0.009782557001476178
6/23/2020,-0.02251993890388493
6/24/2020,0.033679614495624954
6/25/2020,0.03804415673806427
6/26/2020,-0.06780096641911398
6/29/2020,-0.03331440914507661
6/30/2020,-0.05374702389322544
7/1/2020,-0.05315579665088077
7/2/2020,0.07107847636826747
7/3/2020,-0.22987878643642906
7/6/2020,0.010320119820133089
7/7/2020,-0.18835085061634677
7/8/2020,-0.06986704171224717
7/9/2020,-0.0749347684612009
7/10/2020,-0.12198137434055928
7/13/2020,-0.006669946123342596
7/14/2020,-0.04844820888168072
7/15/2020,0.06540911822848272
7/16/2020,-0.10207211287490897
7/17/2020,-0.08992181734403165
7/20/2020,-0.049009339301333055
7/21/2020,-0.006352774257242344
7/22/2020,-0.13868651752497563
7/23/2020,-0.10711851873239742
7/24/2020,-0.025791575385661458
7/27/2020,-0.14260173735027243
7/28/2020,-0.18941129059795975
7/29/2020,-0.2681731929329415
7/30/2020,0.1555491329976778
7/31/2020,0.11669683814819665
8/3/2020,-0.07843649305590289
8/4/2020,-0.20516988590437113
8/5/2020,-0.2407104960756985
8/6/2020,-0.19844441604436736
8/7/2020,-0.24473937680688784
8/10/2020,-0.22754239165215556
8/11/2020,-0.05688764147432157
8/12/2020,-0.12167229637816124
8/13/2020,-0.20648792077157258
8/14/2020,-0.13815579817225704
8/17/2020,-0.19616299957517436
8/18/2020,-0.16229769503699898
8/19/2020,-0.2586475723969252
8/20/2020,-0.11142994784774818
8/21/2020,-0.03784686395353298
8/24/2020,-0.04799776343252338
8/25/2020,-0.12832705321317683
8/26/2020,-0.24986347628718064
8/27/2020,-0.15162334774089703
8/28/2020,-0.13122789986560807
8/31/2020,0.008410943265111492
9/1/2020,-0.0930849864912196
9/2/2020,-0.01698231719992238
9/3/2020,0.10608208087805171
9/4/2020,0.060831495870458996
9/7/2020,-0.31755564351767906
9/8/2020,-0.19108004201972884
9/9/2020,-0.29827407611137224
9/10/2020,-0.3359132694622914
9/11/2020,-0.36095840344925534
9/14/2020,0.22534011860844383
9/15/2020,0.29161258795494893
9/16/2020,-0.18781687121222057
9/17/2020,-0.2974802865280489
9/18/2020,0.18907155640782758
9/21/2020,0.5159341256672901
9/22/2020,0.07842496054963755
9/23/2020,0.01852077099267413
9/24/2020,0.1315681279514641
9/25/2020,0.12494589494948316
9/28/2020,0.041854593289052
9/29/2020,-0.1558277383144776
9/30/2020,0.106056948138182
10/1/2020,-0.03262757970652841
10/2/2020,0.049261738331525695
10/5/2020,-0.08606351633302828
10/6/2020,-0.05046152783801111
10/7/2020,-0.13500699767148017
10/8/2020,-0.07458685612208221
10/9/2020,-0.10738910689184589
10/12/2020,-0.052559675334977796
10/13/2020,-0.035835441863787676
10/14/2020,-0.13821492280996528
10/15/2020,0.2926879697409537
10/16/2020,0.09087963032381974
10/19/2020,-0.02763467581653667
10/20/2020,-0.08123970354667326
10/21/2020,0.02363711132872215
10/22/2020,0.0753810830697651
10/23/2020,-0.047759549537991774
10/26/2020,0.16452516390356758
10/27/2020,0.10555405654953565
10/28/2020,0.6256262403774198
10/29/2020,0.2677658264900108
10/30/2020,0.19664944158251696
11/2/2020,0.06805794350112065
11/3/2020,0.09108246228535488
11/4/2020,0.30279091418315074
11/5/2020,0.142351583364984
11/6/2020,0.11883766805699691
11/9/2020,1.033447805364778
11/10/2020,0.5213298602862216
11/11/2020,0.09997847287755457
11/12/2020,0.09005435419502505
11/13/2020,0.001376993632460799
11/16/2020,0.17206475871995391
11/17/2020,-0.08030585382040573
11/18/2020,-0.07546254496969046
11/19/2020,-0.09238062326864493
11/20/2020,0.02694764252019033
11/23/2020,0.0031570805816772407
11/24/2020,-0.07533924253148755
11/25/2020,-0.0754844681763085
11/26/2020,-0.2668608839462133
11/27/2020,-0.11260270280630313
11/30/2020,0.3415347379036618
12/1/2020,0.004102784473413612
12/2/2020,-0.111896545698708
12/3/2020,-0.17365133167781677
12/4/2020,-0.1387489140946186
12/7/2020,-0.20751614798645895
12/8/2020,-0.33928031062396496
12/9/2020,-0.3627307997421161
12/10/2020,-0.32184342797421284
12/11/2020,-0.20641190318335645
12/14/2020,0.2686258337631864
12/15/2020,0.3920873555419213
12/16/2020,0.0514593981587399
12/17/2020,-0.37184203035567664
12/18/2020,0.19112911535517474
12/21/2020,0.43545509335425064
12/22/2020,-0.07540491526227555
12/23/2020,-0.15390801733193693
12/28/2020,-0.028276804129396343
12/29/2020,-0.01929795122545308
12/30/2020,0.031230906834643524
1/4/2021,0.19634611157141874
1/5/2021,-0.0043444468945776915
1/6/2021,0.11771721554397607
1/7/2021,0.03968730009482346
1/8/2021,0.03982889019960778
1/11/2021,0.050115741854293405
1/12/2021,-0.0140124475396039
1/13/2021,-0.07450433735101508
1/14/2021,-0.028533426731656875
1/15/2021,0.1950490893527415
1/18/2021,-0.17327551329704605
1/19/2021,-0.12353387654667863
1/20/2021,-0.0986199280969473
1/21/2021,-0.054238619388346454
1/22/2021,0.050488745147196146
1/25/2021,0.18088639955502567
1/26/2021,-0.013355871717080525
1/27/2021,0.2860480364672241
1/28/2021,0.23369916408000235
1/29/2021,0.320390625006185
2/1/2021,0.060645929224572404
2/2/2021,-0.007990911250224109
2/3/2021,-0.050201092409576875
2/4/2021,-0.10018308856208069
2/5/2021,-0.0989777310405191
2/8/2021,-0.058910224801498934
2/9/2021,-0.18790937119363876
2/10/2021,-0.02045944497730845
2/11/2021,-0.10551682602733992
2/12/2021,-0.09846754177711631
2/15/2021,-0.027441283214844125
2/16/2021,-0.11625577191964592
2/17/2021,0.062255586475188696
2/18/2021,-0.004633751337961289
2/19/2021,-0.06328102480136738
2/22/2021,-0.008909693336183744
2/23/2021,0.07507413199451585
2/24/2021,-0.02679822570505286
2/25/2021,0.05600542202088166
2/26/2021,0.4464970441116387
3/1/2021,0.08339136898140304
3/2/2021,-0.05270005302605463
3/3/2021,-0.04117127376075769
3/4/2021,0.09277610146000614
3/5/2021,0.035028728768192074
3/8/2021,0.08528080105733327
3/9/2021,-0.12040386183327956
3/10/2021,-0.22302154688488185
3/11/2021,-0.35843926305825347
3/12/2021,-0.3086105423572967
3/15/2021,0.2933370550687189
3/16/2021,0.4290525107564176
3/17/2021,-0.1633154504654737
3/18/2021,-0.12889737658496392
3/19/2021,0.35408046926545644
3/22/2021,-0.02857806820072223
3/23/2021,0.006566683293330655
3/24/2021,0.041689885061968246
3/25/2021,0.2006827043169559
3/26/2021,-0.008262117735054031
3/29/2021,0.0036691963675898887
3/30/2021,-0.038516516323849115
3/31/2021,0.15393013224906804
4/1/2021,-0.09995924268120537
4/6/2021,0.00874799543500776
4/7/2021,-0.1469194563400546
4/8/2021,-0.13325854431834855
4/9/2021,-0.15860621783074114
4/12/2021,-0.08192015290915022
4/13/2021,-0.032304212660618725
4/14/2021,-0.10370493658297297
4/15/2021,-0.06168898379041776
4/16/2021,0.07090744810811084
4/19/2021,-0.03997741109770375
4/20/2021,0.13855885589386197
4/21/2021,0.032595693832505046
4/22/2021,-0.03316977180404773
4/23/2021,-0.07863275768963346
4/26/2021,-0.1096508979100298
4/27/2021,-0.10124498970070361
4/28/2021,-0.15557847113455375
4/29/2021,-0.01520899804273479
4/30/2021,0.09859260338365783
5/3/2021,-0.11283848166134297
5/4/2021,0.17510206719248533
5/5/2021,-0.004850162924163848
5/6/2021,-0.007401495984784234
5/7/2021,0.008800517713940637
5/10/2021,-0.06893852510389464
5/11/2021,0.2705798658599623
5/12/2021,0.18531090362025104
5/13/2021,0.1790688940764153
5/14/2021,0.03867877817618681
5/17/2021,-0.012262289717292207
5/18/2021,-0.06007804814588252
5/19/2021,0.34704473856996854
5/20/2021,0.07939584669410826
5/21/2021,0.05450911471319009
5/24/2021,-0.2067063759660419
5/25/2021,-0.08152163155235453
5/26/2021,-0.10160773020536246
5/27/2021,-0.037970687311821016
5/28/2021,-0.07458886132722731
5/31/2021,-0.1570815383050146
6/1/2021,-0.03399123650350161
6/2/2021,-0.08735922218432496
6/3/2021,-0.02854833216201802
6/4/2021,-0.21164509679811883
6/7/2021,-0.21347010038613062
6/8/2021,-0.21733146582374674
6/9/2021,-0.3515973226520652
6/10/2021,-0.36982312496196323
6/11/2021,-0.3141498623954828
6/14/2021,0.4697108038564808
6/15/2021,0.4400688813709852
6/16/2021,-0.22435120829857258
6/17/2021,-0.2709073707668773
6/18/2021,0.24796343326045134
6/21/2021,0.05887913914007259
6/22/2021,-0.13219933667057354
6/23/2021,-0.0726529973358751
6/24/2021,-0.0914678075665184
6/25/2021,-0.18217199112486088
6/28/2021,-0.0695478535775731
6/29/2021,-0.10488922038688786
6/30/2021,0.28786538540831674
7/1/2021,0.0643264938693412
7/2/2021,-0.16016576592503523
7/5/2021,-0.202065976549747
7/6/2021,-0.05130228209377724
7/7/2021,-0.07042308040156697
7/8/2021,0.4437716995727745
7/9/2021,0.09560745238738999
7/12/2021,0.06938064747608191
7/13/2021,-0.09335068593428647
7/14/2021,-0.07478633452767736
7/15/2021,0.02287344320266288
7/16/2021,0.10893219151805328
7/19/2021,0.4010328514742255
7/20/2021,0.20315356782754646
7/21/2021,-0.010020650036178247
7/22/2021,-0.07490078543297418
7/23/2021,-0.1425617197624962
7/26/2021,-0.08258069291142128
7/27/2021,-0.06385359822769093
7/28/2021,-0.1636590932439524
7/29/2021,-0.16639615011161146
7/30/2021,-0.02956706615612048
8/2/2021,-0.10629511949250486
8/3/2021,-0.17058202424177377
8/4/2021,-0.16916250582956238
8/5/2021,-0.2490770451446599
8/6/2021,-0.22075269481672616
8/9/2021,-0.2408556345433513
8/10/2021,-0.20644285401820828
8/11/2021,-0.15151573488519332
8/12/2021,-0.15742339597510663
8/13/2021,-0.21353365317595163
8/16/2021,0.028229769171597197
8/17/2021,-0.005144795553405912
8/18/2021,-0.146863798538723
8/19/2021,0.2409591403212482
8/20/2021,-0.03912931252017493
8/23/2021,-0.08705743018389928
8/24/2021,-0.18630021749622283
8/25/2021,-0.2573718854642142
8/26/2021,-0.03356540634336125
8/27/2021,-0.19754104904125314
8/30/2021,-0.16213687708506536
8/31/2021,0.15895119756134635
9/1/2021,0.006734788850491946
9/2/2021,-0.2684244493714098
9/3/2021,-0.15713007062128004
9/6/2021,-0.23402457332102117
9/7/2021,-0.23656267171383327
9/8/2021,-0.1930729520174227
9/9/2021,-0.14289501321252396
9/10/2021,-0.37025289442655196
9/13/2021,0.5042089995511714
9/14/2021,0.39024040384751046
9/15/2021,-0.11827988204638684
9/16/2021,-0.32523120868794264
9/17/2021,0.31548822384524655
9/20/2021,0.441206540189895
9/21/2021,0.17496241985269817
9/22/2021,0.05542287191578554
9/23/2021,-0.027642804961659384
9/24/2021,-0.08492153064155217
9/27/2021,-0.05208125306421746
9/28/2021,0.1944372137572059
9/29/2021,0.04947840761344957
9/30/2021,0.2502211084685677
10/1/2021,0.24647266151437353
10/4/2021,0.07832672092597975
10/5/2021,0.012905976363509042
10/6/2021,0.32737020227477187
10/7/2021,0.09700367392855236
10/8/2021,-0.04700169370038654
10/11/2021,-0.056497501026872954
10/12/2021,-0.053923006999022915
